{
  "table": "taches",
  "records": [
    {
      "tache_id": 1,
      "section_id": null,
      "code_tache": "I.1.1",
      "nom_tache": "Amené et repli du matériel",
      "description": null,
      "unite": "Ens",
      "quantite_prevue": null,
      "cout_previsionnel": null,
      "date_debut": null,
      "date_fin": null,
      "statut": "planifie"
    },
    {
      "tache_id": 2,
      "section_id": null,
      "code_tache": "I.1.2",
      "nom_tache": "Construction d'une clôture de chantier",
      "description": null,
      "unite": "ml",
      "quantite_prevue": null,
      "cout_previsionnel": null,
      "date_debut": null,
      "date_fin": null,
      "statut": "planifie"
    },
    {
      "tache_id": 3,
      "section_id": null,
      "code_tache": "I.1.3",
      "nom_tache": "Construction de baraque de chantier y compris bureaux du chantier et charges diverses",
      "description": null,
      "unite": "Ens",
      "quantite_prevue": null,
      "cout_previsionnel": null,
      "date_debut": null,
      "date_fin": null,
      "statut": "planifie"
    },
    {
      "tache_id": 4,
      "section_id": null,
      "code_tache": "I.1.4",
      "nom_tache": "Gardiennage du chantier",
      "description": null,
      "unite": "mois",
      "quantite_prevue": null,
      "cout_previsionnel": null,
      "date_debut": null,
      "date_fin": null,
      "statut": "planifie"
    },
    {
      "tache_id": 5,
      "section_id": null,
      "code_tache": "I.1.5",
      "nom_tache": "Alimentation provisoire en Eau",
      "description": null,
      "unite": "mois",
      "quantite_prevue": null,
      "cout_previsionnel": null,
      "date_debut": null,
      "date_fin": null,
      "statut": "planifie"
    },
    {
      "tache_id": 6,
      "section_id": null,
      "code_tache": "I.1.6",
      "nom_tache": "Alimentation provisoire en Electricité",
      "description": null,
      "unite": "mois",
      "quantite_prevue": null,
      "cout_previsionnel": null,
      "date_debut": null,
      "date_fin": null,
      "statut": "planifie"
    },
    {
      "tache_id": 7,
      "section_id": null,
      "code_tache": "I.1.7",
      "nom_tache": "Petit matériel",
      "description": null,
      "unite": "Ens",
      "quantite_prevue": null,
      "cout_previsionnel": null,
      "date_debut": null,
      "date_fin": null,
      "statut": "planifie"
    },
    {
      "tache_id": 8,
      "section_id": null,
      "code_tache": "I.1.8",
      "nom_tache": "Transport et manutention",
      "description": null,
      "unite": "ff",
      "quantite_prevue": null,
      "cout_previsionnel": null,
      "date_debut": null,
      "date_fin": null,
      "statut": "planifie"
    },
    {
      "tache_id": 9,
      "section_id": null,
      "code_tache": "I.2.1",
      "nom_tache": "Implantation du bâtiment",
      "description": null,
      "unite": "m²",
      "quantite_prevue": null,
      "cout_previsionnel": null,
      "date_debut": null,
      "date_fin": null,
      "statut": "planifie"
    },
    {
      "tache_id": 10,
      "section_id": null,
      "code_tache": "I.2.2",
      "nom_tache": "Fouilles en grande masse",
      "description": null,
      "unite": "m3",
      "quantite_prevue": null,
      "cout_previsionnel": null,
      "date_debut": null,
      "date_fin": null,
      "statut": "planifie"
    },
    {
      "tache_id": 11,
      "section_id": null,
      "code_tache": "I.2.3",
      "nom_tache": "Fouille en rigole",
      "description": null,
      "unite": "m3",
      "quantite_prevue": null,
      "cout_previsionnel": null,
      "date_debut": null,
      "date_fin": null,
      "statut": "planifie"
    },
    {
      "tache_id": 12,
      "section_id": null,
      "code_tache": "I.2.4",
      "nom_tache": "Remblai autour des fondations",
      "description": null,
      "unite": "m3",
      "quantite_prevue": null,
      "cout_previsionnel": null,
      "date_debut": null,
      "date_fin": null,
      "statut": "planifie"
    },
    {
      "tache_id": 13,
      "section_id": null,
      "code_tache": "I.2.5",
      "nom_tache": "Désherbage et dessouchage arbres et arbustes, y compris évacuation hors du site",
      "description": null,
      "unite": "m²",
      "quantite_prevue": null,
      "cout_previsionnel": null,
      "date_debut": null,
      "date_fin": null,
      "statut": "planifie"
    },
    {
      "tache_id": 14,
      "section_id": null,
      "code_tache": "I.2.6",
      "nom_tache": "Transport et manutention",
      "description": null,
      "unite": "ff",
      "quantite_prevue": null,
      "cout_previsionnel": null,
      "date_debut": null,
      "date_fin": null,
      "statut": "planifie"
    },
    {
      "tache_id": 15,
      "section_id": null,
      "code_tache": "II.1.1",
      "nom_tache": "Béton de propreté d'ép. 5cm dosé à 150 kg/m³ y/c toutes sujétions de mise en œuvre",
      "description": null,
      "unite": "m3",
      "quantite_prevue": null,
      "cout_previsionnel": null,
      "date_debut": null,
      "date_fin": null,
      "statut": "planifie"
    },
    {
      "tache_id": 16,
      "section_id": null,
      "code_tache": "II.1.2",
      "nom_tache": "Béton armé pour radier général dosé à 350 kg/m³  y/c toute sujétion de mise en œuvre",
      "description": null,
      "unite": "m3",
      "quantite_prevue": null,
      "cout_previsionnel": null,
      "date_debut": null,
      "date_fin": null,
      "statut": "planifie"
    },
    {
      "tache_id": 17,
      "section_id": null,
      "code_tache": "II.1.3",
      "nom_tache": "Béton armé pour amorces de poteaux dosé à 350kg /m³ y/c toutes sujétions de mise en œuvre",
      "description": null,
      "unite": "m3",
      "quantite_prevue": null,
      "cout_previsionnel": null,
      "date_debut": null,
      "date_fin": null,
      "statut": "planifie"
    },
    {
      "tache_id": 18,
      "section_id": null,
      "code_tache": "II.1.4",
      "nom_tache": "Béton armé pour longrines dosé à 350 kg/m³  y/c toutes sujétions de mise en œuvre",
      "description": null,
      "unite": "m3",
      "quantite_prevue": null,
      "cout_previsionnel": null,
      "date_debut": null,
      "date_fin": null,
      "statut": "planifie"
    },
    {
      "tache_id": 19,
      "section_id": null,
      "code_tache": "II.1.5",
      "nom_tache": "Béton armé pour massifs d'escaliers dosé à 350 kg/m³ y/c toutes sujétions de mise en œuvre",
      "description": null,
      "unite": "m3",
      "quantite_prevue": null,
      "cout_previsionnel": null,
      "date_debut": null,
      "date_fin": null,
      "statut": "planifie"
    },
    {
      "tache_id": 20,
      "section_id": null,
      "code_tache": "II.1.6",
      "nom_tache": "Murs voiles",
      "description": null,
      "unite": "m3",
      "quantite_prevue": null,
      "cout_previsionnel": null,
      "date_debut": null,
      "date_fin": null,
      "statut": "planifie"
    },
    {
      "tache_id": 21,
      "section_id": null,
      "code_tache": "II.1.7",
      "nom_tache": "Plancher corps creux (hourdis, nervures et dalle de compression)",
      "description": null,
      "unite": "m²",
      "quantite_prevue": null,
      "cout_previsionnel": null,
      "date_debut": null,
      "date_fin": null,
      "statut": "planifie"
    },
    {
      "tache_id": 22,
      "section_id": null,
      "code_tache": "II.1.8",
      "nom_tache": "Transport et manutention",
      "description": null,
      "unite": "ff",
      "quantite_prevue": null,
      "cout_previsionnel": null,
      "date_debut": null,
      "date_fin": null,
      "statut": "planifie"
    },
    {
      "tache_id": 23,
      "section_id": null,
      "code_tache": "II.2.1",
      "nom_tache": "Béton armé pour poteaux dosé à 350 kg/m3 y compris toutes sujétions de mise en œuvre",
      "description": null,
      "unite": "m3",
      "quantite_prevue": null,
      "cout_previsionnel": null,
      "date_debut": null,
      "date_fin": null,
      "statut": "planifie"
    },
    {
      "tache_id": 24,
      "section_id": null,
      "code_tache": "II.2.2",
      "nom_tache": "Maçonnerie en agglos creux de 15x20x40cm pour élévation des murs",
      "description": null,
      "unite": "m²",
      "quantite_prevue": null,
      "cout_previsionnel": null,
      "date_debut": null,
      "date_fin": null,
      "statut": "planifie"
    },
    {
      "tache_id": 25,
      "section_id": null,
      "code_tache": "II.2.3",
      "nom_tache": "Béton armé pour poutres y compris toutes sujétions de mise en œuvre",
      "description": null,
      "unite": "m3",
      "quantite_prevue": null,
      "cout_previsionnel": null,
      "date_debut": null,
      "date_fin": null,
      "statut": "planifie"
    },
    {
      "tache_id": 26,
      "section_id": null,
      "code_tache": "II.2.4",
      "nom_tache": "Béton armé pour escalier dosé à 350 kg/m³ y compris toutes sujétions de mise en œuvre",
      "description": null,
      "unite": "m3",
      "quantite_prevue": null,
      "cout_previsionnel": null,
      "date_debut": null,
      "date_fin": null,
      "statut": "planifie"
    },
    {
      "tache_id": 27,
      "section_id": null,
      "code_tache": "II.2.5",
      "nom_tache": "Béton armé pour linteaux y compris toutes sujétions de mise en œuvre",
      "description": null,
      "unite": "m3",
      "quantite_prevue": null,
      "cout_previsionnel": null,
      "date_debut": null,
      "date_fin": null,
      "statut": "planifie"
    },
    {
      "tache_id": 28,
      "section_id": null,
      "code_tache": "II.2.6",
      "nom_tache": "Enduit au mortier de ciment dosé à 400 kg / m3  sur mur ép. 1,5 cm",
      "description": null,
      "unite": "m²",
      "quantite_prevue": null,
      "cout_previsionnel": null,
      "date_debut": null,
      "date_fin": null,
      "statut": "planifie"
    },
    {
      "tache_id": 29,
      "section_id": null,
      "code_tache": "II.2.7",
      "nom_tache": "Enduit au mortier de ciment dosé à 400 kg / m3  sous dalle ép. 1,5 cm",
      "description": null,
      "unite": "m²",
      "quantite_prevue": null,
      "cout_previsionnel": null,
      "date_debut": null,
      "date_fin": null,
      "statut": "planifie"
    },
    {
      "tache_id": 30,
      "section_id": null,
      "code_tache": "II.2.8",
      "nom_tache": "Plancher corps creux (hourdis, nervures et dalle de compression)",
      "description": null,
      "unite": "m²",
      "quantite_prevue": null,
      "cout_previsionnel": null,
      "date_debut": null,
      "date_fin": null,
      "statut": "planifie"
    },
    {
      "tache_id": 31,
      "section_id": null,
      "code_tache": "II.2.9",
      "nom_tache": "Etanchéité multicouche",
      "description": null,
      "unite": "m²",
      "quantite_prevue": null,
      "cout_previsionnel": null,
      "date_debut": null,
      "date_fin": null,
      "statut": "planifie"
    },
    {
      "tache_id": 32,
      "section_id": null,
      "code_tache": "II.2.10",
      "nom_tache": "Murs voiles",
      "description": null,
      "unite": "m3",
      "quantite_prevue": null,
      "cout_previsionnel": null,
      "date_debut": null,
      "date_fin": null,
      "statut": "planifie"
    },
    {
      "tache_id": 33,
      "section_id": null,
      "code_tache": "II.2.11",
      "nom_tache": "Transport et manutention",
      "description": null,
      "unite": "ff",
      "quantite_prevue": null,
      "cout_previsionnel": null,
      "date_debut": null,
      "date_fin": null,
      "statut": "planifie"
    },
    {
      "tache_id": 34,
      "section_id": null,
      "code_tache": "II.3.1",
      "nom_tache": "Béton armé pour poteaux dosé à 350 kg/m3 y compris toutes sujétions de mise en œuvre",
      "description": null,
      "unite": "m3",
      "quantite_prevue": null,
      "cout_previsionnel": null,
      "date_debut": null,
      "date_fin": null,
      "statut": "planifie"
    },
    {
      "tache_id": 35,
      "section_id": null,
      "code_tache": "II.3.2",
      "nom_tache": "Maçonnerie en agglos creux de 15x20x40cm pour élévation des murs",
      "description": null,
      "unite": "m²",
      "quantite_prevue": null,
      "cout_previsionnel": null,
      "date_debut": null,
      "date_fin": null,
      "statut": "planifie"
    },
    {
      "tache_id": 36,
      "section_id": null,
      "code_tache": "II.3.3",
      "nom_tache": "Béton armé pour linteaux y compris toutes sujétions de mise en œuvre",
      "description": null,
      "unite": "m3",
      "quantite_prevue": null,
      "cout_previsionnel": null,
      "date_debut": null,
      "date_fin": null,
      "statut": "planifie"
    },
    {
      "tache_id": 37,
      "section_id": null,
      "code_tache": "II.3.4",
      "nom_tache": "Béton armé pour escalier dosé à 350 kg/m³ y compris toutes sujétions de mise en œuvre",
      "description": null,
      "unite": "m3",
      "quantite_prevue": null,
      "cout_previsionnel": null,
      "date_debut": null,
      "date_fin": null,
      "statut": "planifie"
    },
    {
      "tache_id": 38,
      "section_id": null,
      "code_tache": "II.3.5",
      "nom_tache": "Béton armé pour poutres y compris toutes sujétions de mise en œuvre",
      "description": null,
      "unite": "m3",
      "quantite_prevue": null,
      "cout_previsionnel": null,
      "date_debut": null,
      "date_fin": null,
      "statut": "planifie"
    },
    {
      "tache_id": 39,
      "section_id": null,
      "code_tache": "II.3.6",
      "nom_tache": "Enduit au mortier de ciment dosé à 400 kg / m3  sur mur ép. 1,5 cm",
      "description": null,
      "unite": "m²",
      "quantite_prevue": null,
      "cout_previsionnel": null,
      "date_debut": null,
      "date_fin": null,
      "statut": "planifie"
    },
    {
      "tache_id": 40,
      "section_id": null,
      "code_tache": "II.3.7",
      "nom_tache": "Enduit au mortier de ciment dosé à 400 kg / m3  sous dalle ép. 1,5 cm",
      "description": null,
      "unite": "m²",
      "quantite_prevue": null,
      "cout_previsionnel": null,
      "date_debut": null,
      "date_fin": null,
      "statut": "planifie"
    },
    {
      "tache_id": 41,
      "section_id": null,
      "code_tache": "II.3.8",
      "nom_tache": "Plancher corps creux (hourdis, nervures et dalle de compression)",
      "description": null,
      "unite": "m²",
      "quantite_prevue": null,
      "cout_previsionnel": null,
      "date_debut": null,
      "date_fin": null,
      "statut": "planifie"
    },
    {
      "tache_id": 42,
      "section_id": null,
      "code_tache": "II.3.9",
      "nom_tache": "Etanchéité multicouche",
      "description": null,
      "unite": "m²",
      "quantite_prevue": null,
      "cout_previsionnel": null,
      "date_debut": null,
      "date_fin": null,
      "statut": "planifie"
    },
    {
      "tache_id": 43,
      "section_id": null,
      "code_tache": "II.3.10",
      "nom_tache": "Murs voiles",
      "description": null,
      "unite": "m3",
      "quantite_prevue": null,
      "cout_previsionnel": null,
      "date_debut": null,
      "date_fin": null,
      "statut": "planifie"
    },
    {
      "tache_id": 44,
      "section_id": null,
      "code_tache": "II.3.11",
      "nom_tache": "Transport et manutention",
      "description": null,
      "unite": "ff",
      "quantite_prevue": null,
      "cout_previsionnel": null,
      "date_debut": null,
      "date_fin": null,
      "statut": "planifie"
    },
    {
      "tache_id": 45,
      "section_id": null,
      "code_tache": "II.4.1",
      "nom_tache": "Béton armé pour poteaux dosé à 350 kg/m3 y compris toutes sujétions de mise en œuvre",
      "description": null,
      "unite": "m3",
      "quantite_prevue": null,
      "cout_previsionnel": null,
      "date_debut": null,
      "date_fin": null,
      "statut": "planifie"
    },
    {
      "tache_id": 46,
      "section_id": null,
      "code_tache": "II.4.2",
      "nom_tache": "Maçonnerie en agglos creux de 15x20x40cm pour élévation des murs",
      "description": null,
      "unite": "m²",
      "quantite_prevue": null,
      "cout_previsionnel": null,
      "date_debut": null,
      "date_fin": null,
      "statut": "planifie"
    },
    {
      "tache_id": 47,
      "section_id": null,
      "code_tache": "II.4.3",
      "nom_tache": "Béton armé pour linteaux y compris toutes sujétions de mise en œuvre",
      "description": null,
      "unite": "m3",
      "quantite_prevue": null,
      "cout_previsionnel": null,
      "date_debut": null,
      "date_fin": null,
      "statut": "planifie"
    },
    {
      "tache_id": 48,
      "section_id": null,
      "code_tache": "II.4.4",
      "nom_tache": "Béton armé pour escalier dosé à 350 kg/m³ y compris toutes sujétions de mise en œuvre",
      "description": null,
      "unite": "m3",
      "quantite_prevue": null,
      "cout_previsionnel": null,
      "date_debut": null,
      "date_fin": null,
      "statut": "planifie"
    },
    {
      "tache_id": 49,
      "section_id": null,
      "code_tache": "II.4.5",
      "nom_tache": "Béton armé pour poutres y compris toutes sujétions de mise en œuvre",
      "description": null,
      "unite": "m3",
      "quantite_prevue": null,
      "cout_previsionnel": null,
      "date_debut": null,
      "date_fin": null,
      "statut": "planifie"
    },
    {
      "tache_id": 50,
      "section_id": null,
      "code_tache": "II.4.6",
      "nom_tache": "Enduit au mortier de ciment dosé à 400 kg / m3  sur mur ép. 1,5 cm",
      "description": null,
      "unite": "m²",
      "quantite_prevue": null,
      "cout_previsionnel": null,
      "date_debut": null,
      "date_fin": null,
      "statut": "planifie"
    },
    {
      "tache_id": 51,
      "section_id": null,
      "code_tache": "II.4.7",
      "nom_tache": "Enduit au mortier de ciment dosé à 400 kg / m3  sous dalle ép. 1,5 cm",
      "description": null,
      "unite": "m²",
      "quantite_prevue": null,
      "cout_previsionnel": null,
      "date_debut": null,
      "date_fin": null,
      "statut": "planifie"
    },
    {
      "tache_id": 52,
      "section_id": null,
      "code_tache": "II.4.8",
      "nom_tache": "Plancher corps creux (hourdis, nervures et dalle de compression)",
      "description": null,
      "unite": "m²",
      "quantite_prevue": null,
      "cout_previsionnel": null,
      "date_debut": null,
      "date_fin": null,
      "statut": "planifie"
    },
    {
      "tache_id": 53,
      "section_id": null,
      "code_tache": "II.4.9",
      "nom_tache": "Etanchéité multicouche",
      "description": null,
      "unite": "m²",
      "quantite_prevue": null,
      "cout_previsionnel": null,
      "date_debut": null,
      "date_fin": null,
      "statut": "planifie"
    },
    {
      "tache_id": 54,
      "section_id": null,
      "code_tache": "II.4.10",
      "nom_tache": "Murs voiles",
      "description": null,
      "unite": "m3",
      "quantite_prevue": null,
      "cout_previsionnel": null,
      "date_debut": null,
      "date_fin": null,
      "statut": "planifie"
    },
    {
      "tache_id": 55,
      "section_id": null,
      "code_tache": "II.4.11",
      "nom_tache": "Transport et manutention",
      "description": null,
      "unite": "ff",
      "quantite_prevue": null,
      "cout_previsionnel": null,
      "date_debut": null,
      "date_fin": null,
      "statut": "planifie"
    },
    {
      "tache_id": 56,
      "section_id": null,
      "code_tache": "II.5.1",
      "nom_tache": "Béton armé pour poteaux dosé à 350 kg/m3 y compris toutes sujétions de mise en œuvre",
      "description": null,
      "unite": "m3",
      "quantite_prevue": null,
      "cout_previsionnel": null,
      "date_debut": null,
      "date_fin": null,
      "statut": "planifie"
    },
    {
      "tache_id": 57,
      "section_id": null,
      "code_tache": "II.5.2",
      "nom_tache": "Maçonnerie en agglos creux de 15x20x40cm pour élévation des murs",
      "description": null,
      "unite": "m²",
      "quantite_prevue": null,
      "cout_previsionnel": null,
      "date_debut": null,
      "date_fin": null,
      "statut": "planifie"
    },
    {
      "tache_id": 58,
      "section_id": null,
      "code_tache": "II.5.3",
      "nom_tache": "Béton armé pour linteaux y compris toutes sujétions de mise en œuvre",
      "description": null,
      "unite": "m3",
      "quantite_prevue": null,
      "cout_previsionnel": null,
      "date_debut": null,
      "date_fin": null,
      "statut": "planifie"
    },
    {
      "tache_id": 59,
      "section_id": null,
      "code_tache": "II.5.4",
      "nom_tache": "Béton armé pour escalier dosé à 350 kg/m³ y compris toutes sujétions de mise en œuvre",
      "description": null,
      "unite": "m3",
      "quantite_prevue": null,
      "cout_previsionnel": null,
      "date_debut": null,
      "date_fin": null,
      "statut": "planifie"
    },
    {
      "tache_id": 60,
      "section_id": null,
      "code_tache": "II.5.5",
      "nom_tache": "Béton armé pour poutres y compris toutes sujétions de mise en œuvre",
      "description": null,
      "unite": "m3",
      "quantite_prevue": null,
      "cout_previsionnel": null,
      "date_debut": null,
      "date_fin": null,
      "statut": "planifie"
    },
    {
      "tache_id": 61,
      "section_id": null,
      "code_tache": "II.5.6",
      "nom_tache": "Enduit au mortier de ciment dosé à 400 kg / m3  sur mur ép. 1,5 cm",
      "description": null,
      "unite": "m²",
      "quantite_prevue": null,
      "cout_previsionnel": null,
      "date_debut": null,
      "date_fin": null,
      "statut": "planifie"
    },
    {
      "tache_id": 62,
      "section_id": null,
      "code_tache": "II.5.7",
      "nom_tache": "Enduit au mortier de ciment dosé à 400 kg / m3  sous dalle ép. 1,5 cm",
      "description": null,
      "unite": "m²",
      "quantite_prevue": null,
      "cout_previsionnel": null,
      "date_debut": null,
      "date_fin": null,
      "statut": "planifie"
    },
    {
      "tache_id": 63,
      "section_id": null,
      "code_tache": "II.5.8",
      "nom_tache": "Plancher corps creux (hourdis, nervures et dalle de compression)",
      "description": null,
      "unite": "m²",
      "quantite_prevue": null,
      "cout_previsionnel": null,
      "date_debut": null,
      "date_fin": null,
      "statut": "planifie"
    },
    {
      "tache_id": 64,
      "section_id": null,
      "code_tache": "II.5.9",
      "nom_tache": "Etanchéité multicouche",
      "description": null,
      "unite": "m²",
      "quantite_prevue": null,
      "cout_previsionnel": null,
      "date_debut": null,
      "date_fin": null,
      "statut": "planifie"
    },
    {
      "tache_id": 65,
      "section_id": null,
      "code_tache": "II.5.10",
      "nom_tache": "Murs voiles",
      "description": null,
      "unite": "m3",
      "quantite_prevue": null,
      "cout_previsionnel": null,
      "date_debut": null,
      "date_fin": null,
      "statut": "planifie"
    },
    {
      "tache_id": 66,
      "section_id": null,
      "code_tache": "II.5.11",
      "nom_tache": "Transport et manutention",
      "description": null,
      "unite": "ff",
      "quantite_prevue": null,
      "cout_previsionnel": null,
      "date_debut": null,
      "date_fin": null,
      "statut": "planifie"
    },
    {
      "tache_id": 67,
      "section_id": null,
      "code_tache": "II.6.1",
      "nom_tache": "Béton armé pour poteaux dosé à 350 kg/m3 y compris toutes sujétions de mise en œuvre",
      "description": null,
      "unite": "m3",
      "quantite_prevue": null,
      "cout_previsionnel": null,
      "date_debut": null,
      "date_fin": null,
      "statut": "planifie"
    },
    {
      "tache_id": 68,
      "section_id": null,
      "code_tache": "II.6.2",
      "nom_tache": "Maçonnerie en agglos creux de 15x20x40cm pour élévation des murs",
      "description": null,
      "unite": "m²",
      "quantite_prevue": null,
      "cout_previsionnel": null,
      "date_debut": null,
      "date_fin": null,
      "statut": "planifie"
    },
    {
      "tache_id": 69,
      "section_id": null,
      "code_tache": "II.6.3",
      "nom_tache": "Béton armé pour linteaux y compris toutes sujétions de mise en œuvre",
      "description": null,
      "unite": "m3",
      "quantite_prevue": null,
      "cout_previsionnel": null,
      "date_debut": null,
      "date_fin": null,
      "statut": "planifie"
    },
    {
      "tache_id": 70,
      "section_id": null,
      "code_tache": "II.6.4",
      "nom_tache": "Béton armé pour escalier dosé à 350 kg/m³ y compris toutes sujétions de mise en œuvre",
      "description": null,
      "unite": "m3",
      "quantite_prevue": null,
      "cout_previsionnel": null,
      "date_debut": null,
      "date_fin": null,
      "statut": "planifie"
    },
    {
      "tache_id": 71,
      "section_id": null,
      "code_tache": "II.6.5",
      "nom_tache": "Béton armé pour poutres y compris toutes sujétions de mise en œuvre",
      "description": null,
      "unite": "m3",
      "quantite_prevue": null,
      "cout_previsionnel": null,
      "date_debut": null,
      "date_fin": null,
      "statut": "planifie"
    },
    {
      "tache_id": 72,
      "section_id": null,
      "code_tache": "II.6.6",
      "nom_tache": "Enduit au mortier de ciment dosé à 400 kg / m3  sur mur ép. 1,5 cm",
      "description": null,
      "unite": "m²",
      "quantite_prevue": null,
      "cout_previsionnel": null,
      "date_debut": null,
      "date_fin": null,
      "statut": "planifie"
    },
    {
      "tache_id": 73,
      "section_id": null,
      "code_tache": "II.6.7",
      "nom_tache": "Enduit au mortier de ciment dosé à 400 kg / m3  sous dalle ép. 1,5 cm",
      "description": null,
      "unite": "m²",
      "quantite_prevue": null,
      "cout_previsionnel": null,
      "date_debut": null,
      "date_fin": null,
      "statut": "planifie"
    },
    {
      "tache_id": 74,
      "section_id": null,
      "code_tache": "II.6.8",
      "nom_tache": "Plancher corps creux (hourdis, nervures et dalle de compression)",
      "description": null,
      "unite": "m²",
      "quantite_prevue": null,
      "cout_previsionnel": null,
      "date_debut": null,
      "date_fin": null,
      "statut": "planifie"
    },
    {
      "tache_id": 75,
      "section_id": null,
      "code_tache": "II.6.9",
      "nom_tache": "Etanchéité multicouche",
      "description": null,
      "unite": "m²",
      "quantite_prevue": null,
      "cout_previsionnel": null,
      "date_debut": null,
      "date_fin": null,
      "statut": "planifie"
    },
    {
      "tache_id": 76,
      "section_id": null,
      "code_tache": "II.6.10",
      "nom_tache": "Murs voiles",
      "description": null,
      "unite": "m3",
      "quantite_prevue": null,
      "cout_previsionnel": null,
      "date_debut": null,
      "date_fin": null,
      "statut": "planifie"
    },
    {
      "tache_id": 77,
      "section_id": null,
      "code_tache": "II.6.11",
      "nom_tache": "Transport et manutention",
      "description": null,
      "unite": "ff",
      "quantite_prevue": null,
      "cout_previsionnel": null,
      "date_debut": null,
      "date_fin": null,
      "statut": "planifie"
    },
    {
      "tache_id": 78,
      "section_id": null,
      "code_tache": "II.7.1",
      "nom_tache": "Béton armé pour poteaux dosé à 350 kg/m3 y compris toutes sujétions de mise en œuvre",
      "description": null,
      "unite": "m3",
      "quantite_prevue": null,
      "cout_previsionnel": null,
      "date_debut": null,
      "date_fin": null,
      "statut": "planifie"
    },
    {
      "tache_id": 79,
      "section_id": null,
      "code_tache": "II.7.2",
      "nom_tache": "Maçonnerie en agglos creux de 15x20x40cm pour élévation des murs",
      "description": null,
      "unite": "m3",
      "quantite_prevue": null,
      "cout_previsionnel": null,
      "date_debut": null,
      "date_fin": null,
      "statut": "planifie"
    },
    {
      "tache_id": 80,
      "section_id": null,
      "code_tache": "II.7.3",
      "nom_tache": "Béton armé pour linteaux y compris toutes sujétions de mise en œuvre",
      "description": null,
      "unite": "m3",
      "quantite_prevue": null,
      "cout_previsionnel": null,
      "date_debut": null,
      "date_fin": null,
      "statut": "planifie"
    },
    {
      "tache_id": 81,
      "section_id": null,
      "code_tache": "II.7.4",
      "nom_tache": "Béton armé pour escalier dosé à 350 kg/m³ y compris toutes sujétions de mise en œuvre",
      "description": null,
      "unite": "m3",
      "quantite_prevue": null,
      "cout_previsionnel": null,
      "date_debut": null,
      "date_fin": null,
      "statut": "planifie"
    },
    {
      "tache_id": 82,
      "section_id": null,
      "code_tache": "II.7.5",
      "nom_tache": "Béton armé pour poutres y compris toutes sujétions de mise en œuvre",
      "description": null,
      "unite": "m3",
      "quantite_prevue": null,
      "cout_previsionnel": null,
      "date_debut": null,
      "date_fin": null,
      "statut": "planifie"
    },
    {
      "tache_id": 83,
      "section_id": null,
      "code_tache": "II.7.6",
      "nom_tache": "Enduit au mortier de ciment dosé à 400 kg / m3  sur mur ép. 1,5 cm",
      "description": null,
      "unite": "m²",
      "quantite_prevue": null,
      "cout_previsionnel": null,
      "date_debut": null,
      "date_fin": null,
      "statut": "planifie"
    },
    {
      "tache_id": 84,
      "section_id": null,
      "code_tache": "II.7.7",
      "nom_tache": "Enduit au mortier de ciment dosé à 400 kg / m3  sous dalle ép. 1,5 cm",
      "description": null,
      "unite": "m²",
      "quantite_prevue": null,
      "cout_previsionnel": null,
      "date_debut": null,
      "date_fin": null,
      "statut": "planifie"
    },
    {
      "tache_id": 85,
      "section_id": null,
      "code_tache": "II.7.8",
      "nom_tache": "Plancher corps creux (hourdis, nervures et dalle de compression)",
      "description": null,
      "unite": "m²",
      "quantite_prevue": null,
      "cout_previsionnel": null,
      "date_debut": null,
      "date_fin": null,
      "statut": "planifie"
    },
    {
      "tache_id": 86,
      "section_id": null,
      "code_tache": "II.7.9",
      "nom_tache": "Etanchéité multicouche",
      "description": null,
      "unite": "m²",
      "quantite_prevue": null,
      "cout_previsionnel": null,
      "date_debut": null,
      "date_fin": null,
      "statut": "planifie"
    },
    {
      "tache_id": 87,
      "section_id": null,
      "code_tache": "II.7.10",
      "nom_tache": "Murs voiles",
      "description": null,
      "unite": "m3",
      "quantite_prevue": null,
      "cout_previsionnel": null,
      "date_debut": null,
      "date_fin": null,
      "statut": "planifie"
    },
    {
      "tache_id": 88,
      "section_id": null,
      "code_tache": "II.7.11",
      "nom_tache": "Transport et manutention",
      "description": null,
      "unite": "ff",
      "quantite_prevue": null,
      "cout_previsionnel": null,
      "date_debut": null,
      "date_fin": null,
      "statut": "planifie"
    },
    {
      "tache_id": 89,
      "section_id": null,
      "code_tache": "II.8.1",
      "nom_tache": "Béton armé pour poteaux dosé à 350 kg/m3 y compris toutes sujétions de mise en œuvre",
      "description": null,
      "unite": "m3",
      "quantite_prevue": null,
      "cout_previsionnel": null,
      "date_debut": null,
      "date_fin": null,
      "statut": "planifie"
    },
    {
      "tache_id": 90,
      "section_id": null,
      "code_tache": "II.8.2",
      "nom_tache": "Maçonnerie en agglos creux de 15x20x40cm pour élévation des murs",
      "description": null,
      "unite": "m²",
      "quantite_prevue": null,
      "cout_previsionnel": null,
      "date_debut": null,
      "date_fin": null,
      "statut": "planifie"
    },
    {
      "tache_id": 91,
      "section_id": null,
      "code_tache": "II.8.3",
      "nom_tache": "Béton armé pour linteaux y compris toutes sujétions de mise en œuvre",
      "description": null,
      "unite": "m3",
      "quantite_prevue": null,
      "cout_previsionnel": null,
      "date_debut": null,
      "date_fin": null,
      "statut": "planifie"
    },
    {
      "tache_id": 92,
      "section_id": null,
      "code_tache": "II.8.4",
      "nom_tache": "Béton armé pour escalier dosé à 350 kg/m³ y compris toutes sujétions de mise en œuvre",
      "description": null,
      "unite": "m3",
      "quantite_prevue": null,
      "cout_previsionnel": null,
      "date_debut": null,
      "date_fin": null,
      "statut": "planifie"
    },
    {
      "tache_id": 93,
      "section_id": null,
      "code_tache": "II.8.5",
      "nom_tache": "Béton armé pour poutres y compris toutes sujétions de mise en œuvre",
      "description": null,
      "unite": "m3",
      "quantite_prevue": null,
      "cout_previsionnel": null,
      "date_debut": null,
      "date_fin": null,
      "statut": "planifie"
    },
    {
      "tache_id": 94,
      "section_id": null,
      "code_tache": "II.8.6",
      "nom_tache": "Enduit au mortier de ciment dosé à 400 kg / m3  sur mur ép. 1,5 cm",
      "description": null,
      "unite": "m²",
      "quantite_prevue": null,
      "cout_previsionnel": null,
      "date_debut": null,
      "date_fin": null,
      "statut": "planifie"
    },
    {
      "tache_id": 95,
      "section_id": null,
      "code_tache": "II.8.7",
      "nom_tache": "Enduit au mortier de ciment dosé à 400 kg / m3  sous dalle ép. 1,5 cm",
      "description": null,
      "unite": "m²",
      "quantite_prevue": null,
      "cout_previsionnel": null,
      "date_debut": null,
      "date_fin": null,
      "statut": "planifie"
    },
    {
      "tache_id": 96,
      "section_id": null,
      "code_tache": "II.8.8",
      "nom_tache": "Dalle pleine pour toiture terrasse",
      "description": null,
      "unite": "m3",
      "quantite_prevue": null,
      "cout_previsionnel": null,
      "date_debut": null,
      "date_fin": null,
      "statut": "planifie"
    },
    {
      "tache_id": 97,
      "section_id": null,
      "code_tache": "II.8.9",
      "nom_tache": "Etanchéité multicouche",
      "description": null,
      "unite": "m²",
      "quantite_prevue": null,
      "cout_previsionnel": null,
      "date_debut": null,
      "date_fin": null,
      "statut": "planifie"
    },
    {
      "tache_id": 98,
      "section_id": null,
      "code_tache": "II.8.10",
      "nom_tache": "Murs voiles",
      "description": null,
      "unite": "m3",
      "quantite_prevue": null,
      "cout_previsionnel": null,
      "date_debut": null,
      "date_fin": null,
      "statut": "planifie"
    },
    {
      "tache_id": 99,
      "section_id": null,
      "code_tache": "II.8.11",
      "nom_tache": "Transport et manutention",
      "description": null,
      "unite": "ff",
      "quantite_prevue": null,
      "cout_previsionnel": null,
      "date_debut": null,
      "date_fin": null,
      "statut": "planifie"
    },
    {
      "tache_id": 100,
      "section_id": null,
      "code_tache": "II.9.1",
      "nom_tache": "Béton armé pour poteaux  dosé à 350 kg/m3 y compris toutes sujétions de mise en œuvre",
      "description": null,
      "unite": "m3",
      "quantite_prevue": null,
      "cout_previsionnel": null,
      "date_debut": null,
      "date_fin": null,
      "statut": "planifie"
    },
    {
      "tache_id": 101,
      "section_id": null,
      "code_tache": "II.9.2",
      "nom_tache": "Maçonnerie en agglos creux de 15x20x40cm pour élévation des murs",
      "description": null,
      "unite": "m²",
      "quantite_prevue": null,
      "cout_previsionnel": null,
      "date_debut": null,
      "date_fin": null,
      "statut": "planifie"
    },
    {
      "tache_id": 102,
      "section_id": null,
      "code_tache": "II.9.3",
      "nom_tache": "Béton armé pour poutres y compris toutes sujétions de mise en œuvre",
      "description": null,
      "unite": "m3",
      "quantite_prevue": null,
      "cout_previsionnel": null,
      "date_debut": null,
      "date_fin": null,
      "statut": "planifie"
    },
    {
      "tache_id": 103,
      "section_id": null,
      "code_tache": "II.9.4",
      "nom_tache": "Béton armé pour toiture terrasse en dalle pleine",
      "description": null,
      "unite": "m3",
      "quantite_prevue": null,
      "cout_previsionnel": null,
      "date_debut": null,
      "date_fin": null,
      "statut": "planifie"
    },
    {
      "tache_id": 104,
      "section_id": null,
      "code_tache": "II.9.5",
      "nom_tache": "Enduit au mortier de ciment dosé à 400 kg / m  sur mur ép. 1,5 cm",
      "description": null,
      "unite": "m²",
      "quantite_prevue": null,
      "cout_previsionnel": null,
      "date_debut": null,
      "date_fin": null,
      "statut": "planifie"
    },
    {
      "tache_id": 105,
      "section_id": null,
      "code_tache": "II.9.6",
      "nom_tache": "Enduit au mortier de ciment dosé à 400 kg / m3  sous dalle ép. 1,5 cm",
      "description": null,
      "unite": "m²",
      "quantite_prevue": null,
      "cout_previsionnel": null,
      "date_debut": null,
      "date_fin": null,
      "statut": "planifie"
    },
    {
      "tache_id": 106,
      "section_id": null,
      "code_tache": "II.9.9",
      "nom_tache": "Couverture",
      "description": null,
      "unite": "m²",
      "quantite_prevue": null,
      "cout_previsionnel": null,
      "date_debut": null,
      "date_fin": null,
      "statut": "planifie"
    },
    {
      "tache_id": 107,
      "section_id": null,
      "code_tache": "II.9.10",
      "nom_tache": "Charpente",
      "description": null,
      "unite": "m²",
      "quantite_prevue": null,
      "cout_previsionnel": null,
      "date_debut": null,
      "date_fin": null,
      "statut": "planifie"
    },
    {
      "tache_id": 108,
      "section_id": null,
      "code_tache": "II.9.11",
      "nom_tache": "Transport et manutention",
      "description": null,
      "unite": "ff",
      "quantite_prevue": null,
      "cout_previsionnel": null,
      "date_debut": null,
      "date_fin": null,
      "statut": "planifie"
    },
    {
      "tache_id": 109,
      "section_id": null,
      "code_tache": "II.10.1",
      "nom_tache": "Prise de terre",
      "description": null,
      "unite": "Ens",
      "quantite_prevue": null,
      "cout_previsionnel": null,
      "date_debut": null,
      "date_fin": null,
      "statut": "planifie"
    },
    {
      "tache_id": 110,
      "section_id": null,
      "code_tache": "II.10.2",
      "nom_tache": "Fourreautage électrique",
      "description": null,
      "unite": "Ens",
      "quantite_prevue": null,
      "cout_previsionnel": null,
      "date_debut": null,
      "date_fin": null,
      "statut": "planifie"
    },
    {
      "tache_id": 111,
      "section_id": null,
      "code_tache": "II.10.3",
      "nom_tache": "Transport et manutention",
      "description": null,
      "unite": "ff",
      "quantite_prevue": null,
      "cout_previsionnel": null,
      "date_debut": null,
      "date_fin": null,
      "statut": "planifie"
    },
    {
      "tache_id": 112,
      "section_id": null,
      "code_tache": "II.11.1",
      "nom_tache": "Construction d'une fosse septique, puisards et regards y/compris toutes suggestion\nde mise en œuvre.",
      "description": null,
      "unite": "Ens",
      "quantite_prevue": null,
      "cout_previsionnel": null,
      "date_debut": null,
      "date_fin": null,
      "statut": "planifie"
    },
    {
      "tache_id": 113,
      "section_id": null,
      "code_tache": "II.11.2",
      "nom_tache": "Alimentation  et évacuation",
      "description": null,
      "unite": "Ens",
      "quantite_prevue": null,
      "cout_previsionnel": null,
      "date_debut": null,
      "date_fin": null,
      "statut": "planifie"
    },
    {
      "tache_id": 114,
      "section_id": null,
      "code_tache": "II.11.3",
      "nom_tache": "Transport et manutention",
      "description": null,
      "unite": "ff",
      "quantite_prevue": null,
      "cout_previsionnel": null,
      "date_debut": null,
      "date_fin": null,
      "statut": "planifie"
    },
    {
      "tache_id": 115,
      "section_id": null,
      "code_tache": "III.1.1",
      "nom_tache": "Tout l'immeuble",
      "description": null,
      "unite": null,
      "quantite_prevue": null,
      "cout_previsionnel": null,
      "date_debut": null,
      "date_fin": null,
      "statut": "planifie"
    },
    {
      "tache_id": 116,
      "section_id": null,
      "code_tache": "III.1.3",
      "nom_tache": "Etage",
      "description": null,
      "unite": null,
      "quantite_prevue": null,
      "cout_previsionnel": null,
      "date_debut": null,
      "date_fin": null,
      "statut": "planifie"
    },
    {
      "tache_id": 117,
      "section_id": null,
      "code_tache": "III.2.1",
      "nom_tache": "Tout l'immeuble",
      "description": null,
      "unite": null,
      "quantite_prevue": null,
      "cout_previsionnel": null,
      "date_debut": null,
      "date_fin": null,
      "statut": "planifie"
    },
    {
      "tache_id": 118,
      "section_id": null,
      "code_tache": "III.2.3",
      "nom_tache": "Etage",
      "description": null,
      "unite": null,
      "quantite_prevue": null,
      "cout_previsionnel": null,
      "date_debut": null,
      "date_fin": null,
      "statut": "planifie"
    },
    {
      "tache_id": 119,
      "section_id": null,
      "code_tache": "III.3.1",
      "nom_tache": "Tout l'immeuble",
      "description": null,
      "unite": null,
      "quantite_prevue": null,
      "cout_previsionnel": null,
      "date_debut": null,
      "date_fin": null,
      "statut": "planifie"
    },
    {
      "tache_id": 120,
      "section_id": null,
      "code_tache": "III.3.3",
      "nom_tache": "Etage",
      "description": null,
      "unite": null,
      "quantite_prevue": null,
      "cout_previsionnel": null,
      "date_debut": null,
      "date_fin": null,
      "statut": "planifie"
    },
    {
      "tache_id": 121,
      "section_id": null,
      "code_tache": "III.3.4",
      "nom_tache": "Acrotère",
      "description": null,
      "unite": null,
      "quantite_prevue": null,
      "cout_previsionnel": null,
      "date_debut": null,
      "date_fin": null,
      "statut": "planifie"
    },
    {
      "tache_id": 122,
      "section_id": null,
      "code_tache": "III.4.1",
      "nom_tache": "Tout l'immeuble",
      "description": null,
      "unite": null,
      "quantite_prevue": null,
      "cout_previsionnel": null,
      "date_debut": null,
      "date_fin": null,
      "statut": "planifie"
    },
    {
      "tache_id": 123,
      "section_id": null,
      "code_tache": "III.4.3",
      "nom_tache": "Etage",
      "description": null,
      "unite": null,
      "quantite_prevue": null,
      "cout_previsionnel": null,
      "date_debut": null,
      "date_fin": null,
      "statut": "planifie"
    },
    {
      "tache_id": 124,
      "section_id": null,
      "code_tache": "III.5.1",
      "nom_tache": "Tout l'immeuble",
      "description": null,
      "unite": null,
      "quantite_prevue": null,
      "cout_previsionnel": null,
      "date_debut": null,
      "date_fin": null,
      "statut": "planifie"
    },
    {
      "tache_id": 125,
      "section_id": null,
      "code_tache": "III.5.3",
      "nom_tache": "Etage 2",
      "description": null,
      "unite": null,
      "quantite_prevue": null,
      "cout_previsionnel": null,
      "date_debut": null,
      "date_fin": null,
      "statut": "planifie"
    },
    {
      "tache_id": 126,
      "section_id": null,
      "code_tache": "III.6.1",
      "nom_tache": "Tout l'immeuble",
      "description": null,
      "unite": null,
      "quantite_prevue": null,
      "cout_previsionnel": null,
      "date_debut": null,
      "date_fin": null,
      "statut": "planifie"
    },
    {
      "tache_id": 127,
      "section_id": null,
      "code_tache": "III.6.3",
      "nom_tache": "Etage",
      "description": null,
      "unite": null,
      "quantite_prevue": null,
      "cout_previsionnel": null,
      "date_debut": null,
      "date_fin": null,
      "statut": "planifie"
    },
    {
      "tache_id": 128,
      "section_id": null,
      "code_tache": "III.7.1",
      "nom_tache": "Descente d'eau pluviale",
      "description": null,
      "unite": null,
      "quantite_prevue": null,
      "cout_previsionnel": null,
      "date_debut": null,
      "date_fin": null,
      "statut": "planifie"
    },
    {
      "tache_id": 129,
      "section_id": null,
      "code_tache": "III.7.2",
      "nom_tache": "Appareillage et équipement  sanitaire",
      "description": null,
      "unite": null,
      "quantite_prevue": null,
      "cout_previsionnel": null,
      "date_debut": null,
      "date_fin": null,
      "statut": "planifie"
    },
    {
      "tache_id": 130,
      "section_id": null,
      "code_tache": "III.8.1",
      "nom_tache": "Passage des câbles, scellage des boitier, des coffrets et des boites de dérivations",
      "description": null,
      "unite": "Ens",
      "quantite_prevue": null,
      "cout_previsionnel": null,
      "date_debut": null,
      "date_fin": null,
      "statut": "planifie"
    },
    {
      "tache_id": 131,
      "section_id": null,
      "code_tache": "III.8.2",
      "nom_tache": "Connexion et protection",
      "description": null,
      "unite": "Ens",
      "quantite_prevue": null,
      "cout_previsionnel": null,
      "date_debut": null,
      "date_fin": null,
      "statut": "planifie"
    },
    {
      "tache_id": 132,
      "section_id": null,
      "code_tache": "III.8.3",
      "nom_tache": "Appareillage",
      "description": null,
      "unite": "Ens",
      "quantite_prevue": null,
      "cout_previsionnel": null,
      "date_debut": null,
      "date_fin": null,
      "statut": "planifie"
    },
    {
      "tache_id": 133,
      "section_id": null,
      "code_tache": "III.8.4",
      "nom_tache": "Transport et manutention",
      "description": null,
      "unite": "ff",
      "quantite_prevue": null,
      "cout_previsionnel": null,
      "date_debut": null,
      "date_fin": null,
      "statut": "planifie"
    }
  ]
}