{
  "table": "sections",
  "records": [
    {
      "section_id": 1,
      "lot_id": 1,
      "code_section": "I.1",
      "nom_section": "INSTALLATION DE CHANTIER",
      "description": null
    },
    {
      "section_id": 2,
      "lot_id": 1,
      "code_section": "I.2",
      "nom_section": "TERRASSEMENT",
      "description": null
    },
    {
      "section_id": 3,
      "lot_id": 1,
      "code_section": "II.1",
      "nom_section": "FONDATION",
      "description": null
    },
    {
      "section_id": 4,
      "lot_id": 2,
      "code_section": "II.2",
      "nom_section": "ELEVATIONS SOUS-SOL",
      "description": null
    },
    {
      "section_id": 5,
      "lot_id": 2,
      "code_section": "II.3",
      "nom_section": "ELEVATIONS RDC",
      "description": null
    },
    {
      "section_id": 6,
      "lot_id": 2,
      "code_section": "II.4",
      "nom_section": "ELEVATIONS R+1",
      "description": null
    },
    {
      "section_id": 7,
      "lot_id": 2,
      "code_section": "II.5",
      "nom_section": "ELEVATIONS R+2",
      "description": null
    },
    {
      "section_id": 8,
      "lot_id": 2,
      "code_section": "II.6",
      "nom_section": "ELEVATIONS R+3",
      "description": null
    },
    {
      "section_id": 9,
      "lot_id": 2,
      "code_section": "II.7",
      "nom_section": "ELEVATIONS R+4",
      "description": null
    },
    {
      "section_id": 10,
      "lot_id": 2,
      "code_section": "II.8",
      "nom_section": "ELEVATIONS R+5",
      "description": null
    },
    {
      "section_id": 11,
      "lot_id": 2,
      "code_section": "II.9",
      "nom_section": "EDICULE CHARPENTE ET TOITURE",
      "description": null
    },
    {
      "section_id": 12,
      "lot_id": 2,
      "code_section": "II.10",
      "nom_section": "ELECTRICITE",
      "description": null
    },
    {
      "section_id": 13,
      "lot_id": 2,
      "code_section": "II.11",
      "nom_section": "PLOMBERIE D'EVACUATION",
      "description": null
    },
    {
      "section_id": 14,
      "lot_id": 3,
      "code_section": "III.1",
      "nom_section": "FAUX PLAFOND",
      "description": null
    },
    {
      "section_id": 15,
      "lot_id": 4,
      "code_section": "IV.2",
      "nom_section": "CARRELAGE",
      "description": null
    },
    {
      "section_id": 16,
      "lot_id": 4,
      "code_section": "IV.3",
      "nom_section": "PEINTURE",
      "description": null
    },
    {
      "section_id": 17,
      "lot_id": 4,
      "code_section": "IV.4",
      "nom_section": "MENUISERIE ALUMINIUM-VITRERIE",
      "description": null
    },
    {
      "section_id": 18,
      "lot_id": 4,
      "code_section": "IV.5",
      "nom_section": "MENUISERIE BOIS",
      "description": null
    },
    {
      "section_id": 19,
      "lot_id": 4,
      "code_section": "IV.6",
      "nom_section": "MENUISERIE METALLIQUE",
      "description": null
    },
    {
      "section_id": 20,
      "lot_id": 4,
      "code_section": "IV.7",
      "nom_section": "PLOMBERIE-SANITAIRES",
      "description": null
    },
    {
      "section_id": 21,
      "lot_id": 4,
      "code_section": "IV.8",
      "nom_section": "ELECTRICITE",
      "description": null
    }
  ]
}