{
  "version": "2.0",
  "generated_at": "2025-12-16T00:02:13.591534",
  "tables": [
    {
      "name": "lots",
      "description": "Lots de travaux (regroupement par spécialité BTP)",
      "fields": [
        {
          "name": "lot_id",
          "type": "integer",
          "required": true,
          "pk": true
        },
        {
          "name": "code_lot",
          "type": "string",
          "required": true,
          "unique": true
        },
        {
          "name": "nom_lot",
          "type": "string",
          "required": true
        },
        {
          "name": "description",
          "type": "string",
          "required": false
        },
        {
          "name": "budget_previsionnel",
          "type": "number",
          "required": false
        }
      ]
    },
    {
      "name": "sections",
      "description": "Sections (regroupement logique de tâches au sein d'un lot)",
      "fields": [
        {
          "name": "section_id",
          "type": "integer",
          "required": true,
          "pk": true
        },
        {
          "name": "lot_id",
          "type": "integer",
          "required": true,
          "fk": "lots.lot_id"
        },
        {
          "name": "code_section",
          "type": "string",
          "required": true
        },
        {
          "name": "nom_section",
          "type": "string",
          "required": true
        },
        {
          "name": "description",
          "type": "string",
          "required": false
        }
      ]
    },
    {
      "name": "taches",
      "description": "Tâches (unité centrale du planning et devis)",
      "fields": [
        {
          "name": "tache_id",
          "type": "integer",
          "required": true,
          "pk": true
        },
        {
          "name": "section_id",
          "type": "integer",
          "required": true,
          "fk": "sections.section_id"
        },
        {
          "name": "code_tache",
          "type": "string",
          "required": true
        },
        {
          "name": "nom_tache",
          "type": "string",
          "required": true
        },
        {
          "name": "description",
          "type": "string",
          "required": false
        },
        {
          "name": "unite",
          "type": "string",
          "required": false
        },
        {
          "name": "quantite_prevue",
          "type": "number",
          "required": false
        },
        {
          "name": "cout_previsionnel",
          "type": "number",
          "required": false
        },
        {
          "name": "date_debut",
          "type": "date",
          "required": false
        },
        {
          "name": "date_fin",
          "type": "date",
          "required": false
        },
        {
          "name": "statut",
          "type": "string",
          "required": false
        }
      ]
    },
    {
      "name": "operations",
      "description": "Opérations (actions concrètes rattachées à une tâche)",
      "fields": [
        {
          "name": "operation_id",
          "type": "integer",
          "required": true,
          "pk": true
        },
        {
          "name": "tache_id",
          "type": "integer",
          "required": true,
          "fk": "taches.tache_id"
        },
        {
          "name": "code_operation",
          "type": "string",
          "required": true
        },
        {
          "name": "nom_operation",
          "type": "string",
          "required": true
        },
        {
          "name": "description",
          "type": "string",
          "required": false
        },
        {
          "name": "duree_estimee",
          "type": "number",
          "required": false
        },
        {
          "name": "cout_estime",
          "type": "number",
          "required": false
        },
        {
          "name": "avancement",
          "type": "number",
          "required": false
        }
      ]
    },
    {
      "name": "categories_materiaux",
      "description": "Catégories de matériaux de construction",
      "fields": [
        {
          "name": "categorie_id",
          "type": "integer",
          "required": true,
          "pk": true
        },
        {
          "name": "libelle",
          "type": "string",
          "required": true,
          "unique": true
        }
      ]
    },
    {
      "name": "materiaux",
      "description": "Matériaux et consommables de construction",
      "fields": [
        {
          "name": "materiau_id",
          "type": "integer",
          "required": true,
          "pk": true
        },
        {
          "name": "code_materiau",
          "type": "string",
          "required": false
        },
        {
          "name": "nom_materiau",
          "type": "string",
          "required": true
        },
        {
          "name": "unite",
          "type": "string",
          "required": true
        },
        {
          "name": "prix_unitaire",
          "type": "number",
          "required": false
        },
        {
          "name": "categorie",
          "type": "string",
          "required": true
        },
        {
          "name": "fournisseur",
          "type": "string",
          "required": false
        }
      ]
    },
    {
      "name": "categories_metiers",
      "description": "Catégories et sous-catégories de métiers BTP",
      "fields": [
        {
          "name": "categorie_metier_id",
          "type": "integer",
          "required": true,
          "pk": true
        },
        {
          "name": "code",
          "type": "string",
          "required": true,
          "unique": true
        },
        {
          "name": "libelle",
          "type": "string",
          "required": true
        },
        {
          "name": "parent_id",
          "type": "integer",
          "required": false,
          "fk": "categories_metiers.categorie_metier_id"
        },
        {
          "name": "description",
          "type": "string",
          "required": false
        }
      ]
    },
    {
      "name": "metiers",
      "description": "Métiers et main d'œuvre (fusion main_oeuvre + personnel)",
      "fields": [
        {
          "name": "metier_id",
          "type": "integer",
          "required": true,
          "pk": true
        },
        {
          "name": "code_metier",
          "type": "string",
          "required": true,
          "unique": true
        },
        {
          "name": "designation",
          "type": "string",
          "required": true
        },
        {
          "name": "categorie_metier_id",
          "type": "integer",
          "required": true,
          "fk": "categories_metiers.categorie_metier_id"
        },
        {
          "name": "sous_categorie_metier_id",
          "type": "integer",
          "required": false,
          "fk": "categories_metiers.categorie_metier_id"
        },
        {
          "name": "type_metier",
          "type": "string",
          "required": false
        },
        {
          "name": "unite_facturation",
          "type": "string",
          "required": true
        },
        {
          "name": "cout_unitaire",
          "type": "number",
          "required": false
        },
        {
          "name": "variation",
          "type": "number",
          "required": false
        },
        {
          "name": "cout_final",
          "type": "number",
          "required": false
        }
      ]
    },
    {
      "name": "engins",
      "description": "Engins et équipements de chantier",
      "fields": [
        {
          "name": "engin_id",
          "type": "integer",
          "required": true,
          "pk": true
        },
        {
          "name": "nom_engin",
          "type": "string",
          "required": true
        },
        {
          "name": "unite",
          "type": "string",
          "required": true
        },
        {
          "name": "cout_journalier",
          "type": "number",
          "required": false
        },
        {
          "name": "cout_final",
          "type": "number",
          "required": false
        }
      ]
    },
    {
      "name": "operation_materiaux",
      "description": "Liaison opérations-matériaux (consommation)",
      "fields": [
        {
          "name": "id",
          "type": "integer",
          "required": true,
          "pk": true
        },
        {
          "name": "operation_id",
          "type": "integer",
          "required": true,
          "fk": "operations.operation_id"
        },
        {
          "name": "materiau_id",
          "type": "integer",
          "required": true,
          "fk": "materiaux.materiau_id"
        },
        {
          "name": "quantite",
          "type": "number",
          "required": false
        },
        {
          "name": "cout_unitaire",
          "type": "number",
          "required": false
        },
        {
          "name": "cout_total",
          "type": "number",
          "required": false
        }
      ]
    },
    {
      "name": "operation_metiers",
      "description": "Liaison opérations-métiers (main d'œuvre affectée)",
      "fields": [
        {
          "name": "id",
          "type": "integer",
          "required": true,
          "pk": true
        },
        {
          "name": "operation_id",
          "type": "integer",
          "required": true,
          "fk": "operations.operation_id"
        },
        {
          "name": "metier_id",
          "type": "integer",
          "required": true,
          "fk": "metiers.metier_id"
        },
        {
          "name": "quantite",
          "type": "number",
          "required": false
        },
        {
          "name": "cout_total",
          "type": "number",
          "required": false
        }
      ]
    },
    {
      "name": "operation_engins",
      "description": "Liaison opérations-engins",
      "fields": [
        {
          "name": "id",
          "type": "integer",
          "required": true,
          "pk": true
        },
        {
          "name": "operation_id",
          "type": "integer",
          "required": true,
          "fk": "operations.operation_id"
        },
        {
          "name": "engin_id",
          "type": "integer",
          "required": true,
          "fk": "engins.engin_id"
        },
        {
          "name": "duree_utilisation",
          "type": "number",
          "required": false
        },
        {
          "name": "cout_total",
          "type": "number",
          "required": false
        }
      ]
    },
    {
      "name": "prestations",
      "description": "Études et tarifs KOMA fusionnés",
      "fields": [
        {
          "name": "prestation_id",
          "type": "integer",
          "required": true,
          "pk": true
        },
        {
          "name": "code_prestation",
          "type": "string",
          "required": true,
          "unique": true
        },
        {
          "name": "numero",
          "type": "integer",
          "required": false
        },
        {
          "name": "nom_prestation",
          "type": "string",
          "required": true
        },
        {
          "name": "categorie",
          "type": "string",
          "required": true
        },
        {
          "name": "type_prestation",
          "type": "string",
          "required": true
        },
        {
          "name": "details",
          "type": "string",
          "required": false
        },
        {
          "name": "unite",
          "type": "string",
          "required": true
        },
        {
          "name": "quantite",
          "type": "integer",
          "required": false
        },
        {
          "name": "cout_unitaire",
          "type": "number",
          "required": false
        },
        {
          "name": "cout_total",
          "type": "number",
          "required": false
        },
        {
          "name": "conditions",
          "type": "string",
          "required": false
        },
        {
          "name": "date_livraison",
          "type": "date",
          "required": false
        }
      ]
    },
    {
      "name": "charges",
      "description": "Charges et frais généraux de chantier",
      "fields": [
        {
          "name": "charge_id",
          "type": "integer",
          "required": true,
          "pk": true
        },
        {
          "name": "code_charge",
          "type": "string",
          "required": true,
          "unique": true
        },
        {
          "name": "designation",
          "type": "string",
          "required": true
        },
        {
          "name": "categorie",
          "type": "string",
          "required": true
        },
        {
          "name": "unite",
          "type": "string",
          "required": true
        },
        {
          "name": "quantite",
          "type": "number",
          "required": true
        },
        {
          "name": "cout_unitaire",
          "type": "number",
          "required": false
        },
        {
          "name": "amortissement",
          "type": "number",
          "required": false
        },
        {
          "name": "cout_total",
          "type": "number",
          "required": false
        }
      ]
    },
    {
      "name": "documents_chantier",
      "description": "Documents, plans et fiches de chantier",
      "fields": [
        {
          "name": "document_id",
          "type": "integer",
          "required": true,
          "pk": true
        },
        {
          "name": "code_document",
          "type": "string",
          "required": true,
          "unique": true
        },
        {
          "name": "designation",
          "type": "string",
          "required": true
        },
        {
          "name": "type_document",
          "type": "string",
          "required": true
        },
        {
          "name": "format",
          "type": "string",
          "required": true
        },
        {
          "name": "quantite",
          "type": "number",
          "required": false
        },
        {
          "name": "cout_unitaire",
          "type": "number",
          "required": false
        },
        {
          "name": "cout_total",
          "type": "number",
          "required": false
        }
      ]
    },
    {
      "name": "equipements_securite",
      "description": "Équipements de protection individuelle et sécurité",
      "fields": [
        {
          "name": "equipement_id",
          "type": "integer",
          "required": true,
          "pk": true
        },
        {
          "name": "code_equipement",
          "type": "string",
          "required": true,
          "unique": true
        },
        {
          "name": "designation",
          "type": "string",
          "required": true
        },
        {
          "name": "type_equipement",
          "type": "string",
          "required": true
        },
        {
          "name": "unite",
          "type": "string",
          "required": true
        },
        {
          "name": "quantite",
          "type": "number",
          "required": false
        },
        {
          "name": "cout_unitaire",
          "type": "number",
          "required": false
        },
        {
          "name": "cout_total",
          "type": "number",
          "required": false
        }
      ]
    },
    {
      "name": "utilitaires_materiel",
      "description": "Utilitaires matériel (carburant, eau, électricité)",
      "fields": [
        {
          "name": "utilitaire_id",
          "type": "integer",
          "required": true,
          "pk": true
        },
        {
          "name": "designation",
          "type": "string",
          "required": true
        },
        {
          "name": "unite",
          "type": "string",
          "required": true
        },
        {
          "name": "cout_unitaire",
          "type": "number",
          "required": false
        },
        {
          "name": "cout_final",
          "type": "number",
          "required": false
        }
      ]
    },
    {
      "name": "unites",
      "description": "Unités de mesure référentielles",
      "fields": [
        {
          "name": "unite_id",
          "type": "integer",
          "required": true,
          "pk": true
        },
        {
          "name": "code",
          "type": "string",
          "required": true,
          "unique": true
        },
        {
          "name": "libelle",
          "type": "string",
          "required": true
        }
      ]
    },
    {
      "name": "types_projet",
      "description": "Types de projets de construction",
      "fields": [
        {
          "name": "type_projet_id",
          "type": "integer",
          "required": true,
          "pk": true
        },
        {
          "name": "libelle",
          "type": "string",
          "required": true,
          "unique": true
        }
      ]
    },
    {
      "name": "profils_utilisateurs",
      "description": "Profils utilisateurs et droits d'accès",
      "fields": [
        {
          "name": "profil_id",
          "type": "integer",
          "required": true,
          "pk": true
        },
        {
          "name": "profil",
          "type": "string",
          "required": true,
          "unique": true
        },
        {
          "name": "description",
          "type": "string",
          "required": true
        },
        {
          "name": "acces_principal",
          "type": "string",
          "required": true
        }
      ]
    }
  ],
  "relationships": [
    {
      "from": "sections.lot_id",
      "to": "lots.lot_id",
      "type": "many-to-one"
    },
    {
      "from": "taches.section_id",
      "to": "sections.section_id",
      "type": "many-to-one"
    },
    {
      "from": "operations.tache_id",
      "to": "taches.tache_id",
      "type": "many-to-one"
    },
    {
      "from": "operation_materiaux.operation_id",
      "to": "operations.operation_id",
      "type": "many-to-one"
    },
    {
      "from": "operation_materiaux.materiau_id",
      "to": "materiaux.materiau_id",
      "type": "many-to-one"
    },
    {
      "from": "operation_metiers.operation_id",
      "to": "operations.operation_id",
      "type": "many-to-one"
    },
    {
      "from": "operation_metiers.metier_id",
      "to": "metiers.metier_id",
      "type": "many-to-one"
    },
    {
      "from": "operation_engins.operation_id",
      "to": "operations.operation_id",
      "type": "many-to-one"
    },
    {
      "from": "operation_engins.engin_id",
      "to": "engins.engin_id",
      "type": "many-to-one"
    },
    {
      "from": "metiers.categorie_metier_id",
      "to": "categories_metiers.categorie_metier_id",
      "type": "many-to-one"
    },
    {
      "from": "metiers.sous_categorie_metier_id",
      "to": "categories_metiers.categorie_metier_id",
      "type": "many-to-one"
    },
    {
      "from": "categories_metiers.parent_id",
      "to": "categories_metiers.categorie_metier_id",
      "type": "self-reference"
    }
  ]
}