{
  "table": "engins",
  "records": [
    {
      "engin_id": 60,
      "nom_engin": "Pick-up",
      "unite": "jour",
      "cout_journalier": 12000.0,
      "cout_final": 12000.0
    },
    {
      "engin_id": 61,
      "nom_engin": "Tricycle",
      "unite": "jour",
      "cout_journalier": 10000.0,
      "cout_final": 10000.0
    },
    {
      "engin_id": 62,
      "nom_engin": "Meule",
      "unite": "jour",
      "cout_journalier": 10000.0,
      "cout_final": 10000.0
    },
    {
      "engin_id": 63,
      "nom_engin": "Vibreur",
      "unite": "jour",
      "cout_journalier": 12000.0,
      "cout_final": 12000.0
    },
    {
      "engin_id": 64,
      "nom_engin": "Bétonnière",
      "unite": "jour",
      "cout_journalier": 75000.0,
      "cout_final": 75000.0
    },
    {
      "engin_id": 65,
      "nom_engin": "Règle vibrante",
      "unite": "jour",
      "cout_journalier": 14000.0,
      "cout_final": 14000.0
    },
    {
      "engin_id": 66,
      "nom_engin": "Machine à crépir",
      "unite": "jour",
      "cout_journalier": 45000.0,
      "cout_final": 45000.0
    },
    {
      "engin_id": 67,
      "nom_engin": "Dame sauteuse",
      "unite": "jour",
      "cout_journalier": 30000.0,
      "cout_final": 30000.0
    },
    {
      "engin_id": 68,
      "nom_engin": "Rouleau compacteur",
      "unite": "jour",
      "cout_journalier": 50000.0,
      "cout_final": 50000.0
    },
    {
      "engin_id": 69,
      "nom_engin": "Etais métalliques",
      "unite": "jour",
      "cout_journalier": 66.66666667,
      "cout_final": 66.66666667
    },
    {
      "engin_id": 70,
      "nom_engin": "Echaffaudage métallique",
      "unite": "jour",
      "cout_journalier": 66.66666667,
      "cout_final": 66.66666667
    }
  ]
}