{
  "table": "lots",
  "records": [
    {
      "lot_id": 1,
      "code_lot": "LOT-I",
      "nom_lot": "TRAVAUX PRÉPARATOIRES",
      "description": "LOT I : TRAVAUX PREPARATOIRES",
      "budget_previsionnel": null
    },
    {
      "lot_id": 2,
      "code_lot": "LOT-II",
      "nom_lot": "GROS ŒUVRE",
      "description": "LOT II. GROS ŒUVRE",
      "budget_previsionnel": null
    },
    {
      "lot_id": 4,
      "code_lot": "LOT-IV",
      "nom_lot": "FINITIONS",
      "description": "LOT IV FINITIONS",
      "budget_previsionnel": null
    },
    {
      "lot_id": 3,
      "code_lot": "LOT III",
      "nom_lot": "SECOND ŒUVRE",
      "description": "LOT III. SECOND ŒUVRE",
      "budget_previsionnel": null
    }
  ]
}