{
  "table": "utilitaires_materiel",
  "records": [
    {
      "utilitaire_id": 71,
      "designation": "Carburant / essence",
      "unite": "jour",
      "cout_unitaire": 4000,
      "cout_final": 4000
    },
    {
      "utilitaire_id": 72,
      "designation": "Eau",
      "unite": "jour",
      "cout_unitaire": 0,
      "cout_final": 0
    },
    {
      "utilitaire_id": 73,
      "designation": "Electricité",
      "unite": "jour",
      "cout_unitaire": 5000,
      "cout_final": 5000
    }
  ]
}