{
  "table": "categories_metiers",
  "records": [
    {
      "categorie_metier_id": 1,
      "code": "GO",
      "libelle": "Gros-Oeuvre",
      "parent_id": null,
      "description": "Travaux de structure et maçonnerie"
    },
    {
      "categorie_metier_id": 2,
      "code": "FIN",
      "libelle": "Finitions",
      "parent_id": null,
      "description": "Travaux de second-oeuvre et finitions"
    },
    {
      "categorie_metier_id": 3,
      "code": "EXT",
      "libelle": "Aménagement extérieur",
      "parent_id": null,
      "description": "Travaux d'aménagement extérieur"
    },
    {
      "categorie_metier_id": 4,
      "code": "ADM",
      "libelle": "Personnel administratif",
      "parent_id": null,
      "description": "Encadrement et gestion de chantier"
    },
    {
      "categorie_metier_id": 5,
      "code": "TECH",
      "libelle": "Personnel technique",
      "parent_id": null,
      "description": "Maîtrise technique et bureau d'études"
    },
    {
      "categorie_metier_id": 10,
      "code": "GO-TER",
      "libelle": "Terrassement",
      "parent_id": 1,
      "description": "Préparation et mouvement de terre"
    },
    {
      "categorie_metier_id": 11,
      "code": "GO-FER",
      "libelle": "Ferraillage",
      "parent_id": 1,
      "description": "Armatures et ferrailles"
    },
    {
      "categorie_metier_id": 12,
      "code": "GO-COF",
      "libelle": "Coffrage",
      "parent_id": 1,
      "description": "Coffrage bois et métallique"
    },
    {
      "categorie_metier_id": 13,
      "code": "GO-BET",
      "libelle": "Béton",
      "parent_id": 1,
      "description": "Coulage et finition béton"
    },
    {
      "categorie_metier_id": 14,
      "code": "GO-MAC",
      "libelle": "Maçonnerie",
      "parent_id": 1,
      "description": "Montage agglos et briques"
    },
    {
      "categorie_metier_id": 15,
      "code": "GO-END",
      "libelle": "Enduits",
      "parent_id": 1,
      "description": "Enduits et crépis"
    },
    {
      "categorie_metier_id": 16,
      "code": "GO-CHA",
      "libelle": "Charpente-Couverture",
      "parent_id": 1,
      "description": "Charpente et toiture"
    },
    {
      "categorie_metier_id": 17,
      "code": "GO-MAN",
      "libelle": "Manutention",
      "parent_id": 1,
      "description": "Transport et manutention matériaux"
    },
    {
      "categorie_metier_id": 20,
      "code": "FIN-PLA",
      "libelle": "Plafonds",
      "parent_id": 2,
      "description": "Faux-plafonds et staff"
    },
    {
      "categorie_metier_id": 21,
      "code": "FIN-CAR",
      "libelle": "Carrelage",
      "parent_id": 2,
      "description": "Pose de carrelage et chapes"
    },
    {
      "categorie_metier_id": 22,
      "code": "FIN-PEI",
      "libelle": "Peinture",
      "parent_id": 2,
      "description": "Peinture et revêtements"
    },
    {
      "categorie_metier_id": 23,
      "code": "FIN-MEN",
      "libelle": "Menuiserie",
      "parent_id": 2,
      "description": "Menuiserie bois, alu et métallique"
    },
    {
      "categorie_metier_id": 24,
      "code": "FIN-PLB",
      "libelle": "Plomberie",
      "parent_id": 2,
      "description": "Installations sanitaires"
    },
    {
      "categorie_metier_id": 25,
      "code": "FIN-ELE",
      "libelle": "Électricité",
      "parent_id": 2,
      "description": "Installations électriques"
    }
  ]
}