{
  "table": "prestations",
  "records": [
    {
      "prestation_id": 1,
      "code_prestation": "ETU-001",
      "numero": 1,
      "nom_prestation": "Ouverture de dossier",
      "categorie": "technique",
      "type_prestation": "etude",
      "details": null,
      "unite": "ff",
      "quantite": 1,
      "cout_unitaire": 25000,
      "cout_total": 25000,
      "conditions": null,
      "date_livraison": null
    },
    {
      "prestation_id": 2,
      "code_prestation": "ETU-002",
      "numero": 2,
      "nom_prestation": "Etudes architecturales",
      "categorie": "technique",
      "type_prestation": "etude",
      "details": "[\"Conception architecturale\",\"Réalisation des plans architecturaux (plans de distribution, implantation et toiture, coupes, façades, plan de fosse septique et autres plans necessaires pour le permis de construire)\",\"Réalisation de la maquette numérique 3D avec production des rendus futuristes du projet\",\"Plan d'aménagment extérieur et 3D\"]",
      "unite": "ff",
      "quantite": 1,
      "cout_unitaire": 400000,
      "cout_total": 400000,
      "conditions": null,
      "date_livraison": null
    },
    {
      "prestation_id": 3,
      "code_prestation": "ETU-003",
      "numero": 3,
      "nom_prestation": "Etudes de calculs de structure",
      "categorie": "technique",
      "type_prestation": "etude",
      "details": "[\"Conception du modèle structural du bâtiment\",\"Note de calculs\",\"Plans d'exécution des ouvrages\"]",
      "unite": "Ens",
      "quantite": 1,
      "cout_unitaire": 350000,
      "cout_total": 350000,
      "conditions": null,
      "date_livraison": null
    },
    {
      "prestation_id": 4,
      "code_prestation": "ETU-004",
      "numero": 4,
      "nom_prestation": "Etudes techniques complémentaires",
      "categorie": "technique",
      "type_prestation": "etude",
      "details": "[\"Electricité (plans d'électricité luminaires et prises en courant fort et faible, plans de climatisation, bilan de puissance et principe de câblage)\",\"Plomberie (plans d'évacuation et alimentation, plan d'assainissement, plan d'appareillage)\"]",
      "unite": "Ens",
      "quantite": 1,
      "cout_unitaire": 250000,
      "cout_total": 250000,
      "conditions": null,
      "date_livraison": null
    },
    {
      "prestation_id": 5,
      "code_prestation": "ETU-005",
      "numero": 5,
      "nom_prestation": "Devis, calendrier et CCTP",
      "categorie": "technique",
      "type_prestation": "etude",
      "details": "[\"Devis quantitatif estimatif\",\"Calendrier des travaux (planning)\",\"CCTP\"]",
      "unite": "Ens",
      "quantite": 1,
      "cout_unitaire": 200000,
      "cout_total": 200000,
      "conditions": null,
      "date_livraison": null
    },
    {
      "prestation_id": 6,
      "code_prestation": "ETU-006",
      "numero": 6,
      "nom_prestation": "Etudes géotechniques",
      "categorie": "technique",
      "type_prestation": "etude",
      "details": "[\"Etudes in-situ du sol avec 3 points au pénétromètre et un point au pressiomètre\",\"Production d'un rapport d'études de sol\"]",
      "unite": "Ens",
      "quantite": 1,
      "cout_unitaire": 1500000,
      "cout_total": 1500000,
      "conditions": null,
      "date_livraison": null
    },
    {
      "prestation_id": 7,
      "code_prestation": "TAR-007",
      "numero": null,
      "nom_prestation": "Descente sur terrain (Douala et environs)",
      "categorie": "Foncier",
      "type_prestation": "tarif",
      "details": null,
      "unite": "ff",
      "quantite": 1,
      "cout_unitaire": 20000,
      "cout_total": 20000,
      "conditions": "Déductible si études confiées à MOE",
      "date_livraison": null
    },
    {
      "prestation_id": 8,
      "code_prestation": "TAR-008",
      "numero": null,
      "nom_prestation": "Descente sur terrain (hors Douala - Littoral, Centre, Ouest)",
      "categorie": "Foncier",
      "type_prestation": "tarif",
      "details": null,
      "unite": "ff",
      "quantite": 1,
      "cout_unitaire": 50000,
      "cout_total": 50000,
      "conditions": "Déductible si études confiées à MOE",
      "date_livraison": null
    },
    {
      "prestation_id": 9,
      "code_prestation": "TAR-009",
      "numero": null,
      "nom_prestation": "Bâtiments inférieurs à R+3, superficie ≤ 350 m²",
      "categorie": "Etudes géotechniques",
      "type_prestation": "tarif",
      "details": null,
      "unite": "ff",
      "quantite": 1,
      "cout_unitaire": 300000,
      "cout_total": 300000,
      "conditions": null,
      "date_livraison": null
    },
    {
      "prestation_id": 10,
      "code_prestation": "TAR-010",
      "numero": null,
      "nom_prestation": "Bâtiments inférieurs à R+3, superficie 350-600 m²",
      "categorie": "Etudes géotechniques",
      "type_prestation": "tarif",
      "details": null,
      "unite": "ff",
      "quantite": 1,
      "cout_unitaire": 500000,
      "cout_total": 500000,
      "conditions": null,
      "date_livraison": null
    },
    {
      "prestation_id": 11,
      "code_prestation": "TAR-011",
      "numero": null,
      "nom_prestation": "Bâtiments supérieurs à R+3",
      "categorie": "Etudes géotechniques",
      "type_prestation": "tarif",
      "details": null,
      "unite": "ff",
      "quantite": 1,
      "cout_unitaire": 1500000,
      "cout_total": 1500000,
      "conditions": null,
      "date_livraison": null
    },
    {
      "prestation_id": 12,
      "code_prestation": "TAR-012",
      "numero": null,
      "nom_prestation": "Maison plain pied",
      "categorie": "Etudes architecturales",
      "type_prestation": "tarif",
      "details": null,
      "unite": "ff",
      "quantite": 1,
      "cout_unitaire": 200000,
      "cout_total": 200000,
      "conditions": "Bonus: études de structure et plans complémentaires",
      "date_livraison": null
    },
    {
      "prestation_id": 13,
      "code_prestation": "TAR-013",
      "numero": null,
      "nom_prestation": "Duplex",
      "categorie": "Etudes architecturales",
      "type_prestation": "tarif",
      "details": null,
      "unite": "ff",
      "quantite": 1,
      "cout_unitaire": 350000,
      "cout_total": 350000,
      "conditions": "Bonus: études de structure et plans complémentaires",
      "date_livraison": null
    },
    {
      "prestation_id": 14,
      "code_prestation": "TAR-014",
      "numero": null,
      "nom_prestation": "A partir de R+2",
      "categorie": "Etudes architecturales",
      "type_prestation": "tarif",
      "details": null,
      "unite": "ff",
      "quantite": 1,
      "cout_unitaire": 500000,
      "cout_total": 500000,
      "conditions": null,
      "date_livraison": null
    },
    {
      "prestation_id": 15,
      "code_prestation": "TAR-015",
      "numero": null,
      "nom_prestation": "Bâtiments supérieurs à R+2",
      "categorie": "Etudes de calculs de structure",
      "type_prestation": "tarif",
      "details": null,
      "unite": "ff",
      "quantite": 1,
      "cout_unitaire": 350000,
      "cout_total": 350000,
      "conditions": null,
      "date_livraison": null
    },
    {
      "prestation_id": 16,
      "code_prestation": "TAR-016",
      "numero": null,
      "nom_prestation": "Bâtiments supérieurs à R+2",
      "categorie": "Etudes techniques complémentaires",
      "type_prestation": "tarif",
      "details": null,
      "unite": "ff",
      "quantite": 1,
      "cout_unitaire": 275000,
      "cout_total": 275000,
      "conditions": null,
      "date_livraison": null
    },
    {
      "prestation_id": 17,
      "code_prestation": "TAR-017",
      "numero": null,
      "nom_prestation": "Bâtiments supérieurs à R+2",
      "categorie": "Devis, calendrier et CCTP",
      "type_prestation": "tarif",
      "details": null,
      "unite": "ff",
      "quantite": 1,
      "cout_unitaire": 200000,
      "cout_total": 200000,
      "conditions": null,
      "date_livraison": null
    }
  ]
}