{
  "table": "documents_chantier",
  "records": [
    {
      "document_id": 1,
      "code_document": "DOC-001",
      "designation": "Plan installation chantier",
      "type_document": "plan",
      "format": "A1",
      "quantite": 1.0,
      "cout_unitaire": 1200.0,
      "cout_total": 1200.0
    },
    {
      "document_id": 2,
      "code_document": "DOC-002",
      "designation": "Plan d'implantation",
      "type_document": "plan",
      "format": "A1",
      "quantite": 1.0,
      "cout_unitaire": 1200.0,
      "cout_total": 1200.0
    },
    {
      "document_id": 3,
      "code_document": "DOC-003",
      "designation": "Plan de fondation",
      "type_document": "plan",
      "format": "A1",
      "quantite": 1.0,
      "cout_unitaire": 1200.0,
      "cout_total": 1200.0
    },
    {
      "document_id": 4,
      "code_document": "DOC-004",
      "designation": "Plan RDC",
      "type_document": "plan",
      "format": "A1",
      "quantite": 2.0,
      "cout_unitaire": 1200.0,
      "cout_total": 2400.0
    },
    {
      "document_id": 5,
      "code_document": "DOC-005",
      "designation": "Plan Etage courant",
      "type_document": "plan",
      "format": "A1",
      "quantite": 2.0,
      "cout_unitaire": 1200.0,
      "cout_total": 2400.0
    },
    {
      "document_id": 6,
      "code_document": "DOC-006",
      "designation": "Plan des appartements",
      "type_document": "plan",
      "format": "A2",
      "quantite": 4.0,
      "cout_unitaire": 1000.0,
      "cout_total": 4000.0
    },
    {
      "document_id": 7,
      "code_document": "DOC-007",
      "designation": "Plan toiture",
      "type_document": "plan",
      "format": "A1",
      "quantite": 1.0,
      "cout_unitaire": 1200.0,
      "cout_total": 1200.0
    },
    {
      "document_id": 8,
      "code_document": "DOC-008",
      "designation": "Plan façades",
      "type_document": "plan",
      "format": "A2",
      "quantite": 4.0,
      "cout_unitaire": 1000.0,
      "cout_total": 4000.0
    },
    {
      "document_id": 9,
      "code_document": "DOC-009",
      "designation": "Plan de coupes",
      "type_document": "plan",
      "format": "A1",
      "quantite": 2.0,
      "cout_unitaire": 1200.0,
      "cout_total": 2400.0
    },
    {
      "document_id": 10,
      "code_document": "DOC-010",
      "designation": "Plan coffrage",
      "type_document": "plan",
      "format": "A1",
      "quantite": 2.0,
      "cout_unitaire": 1200.0,
      "cout_total": 2400.0
    },
    {
      "document_id": 11,
      "code_document": "DOC-011",
      "designation": "Plan de plomberie RDC",
      "type_document": "plan",
      "format": "A2",
      "quantite": 2.0,
      "cout_unitaire": 1000.0,
      "cout_total": 2000.0
    },
    {
      "document_id": 12,
      "code_document": "DOC-012",
      "designation": "Plan de plomberie Etage courant",
      "type_document": "plan",
      "format": "A2",
      "quantite": 4.0,
      "cout_unitaire": 1000.0,
      "cout_total": 4000.0
    },
    {
      "document_id": 13,
      "code_document": "DOC-013",
      "designation": "Plan d'électricité RDC",
      "type_document": "plan",
      "format": "A2",
      "quantite": 2.0,
      "cout_unitaire": 1000.0,
      "cout_total": 2000.0
    },
    {
      "document_id": 14,
      "code_document": "DOC-014",
      "designation": "Plan d'électricité Etage courant",
      "type_document": "plan",
      "format": "A2",
      "quantite": 4.0,
      "cout_unitaire": 1000.0,
      "cout_total": 4000.0
    },
    {
      "document_id": 15,
      "code_document": "DOC-015",
      "designation": "Cahier d'ensemble",
      "type_document": "document",
      "format": "Ens",
      "quantite": 10.0,
      "cout_unitaire": 5000.0,
      "cout_total": 50000.0
    },
    {
      "document_id": 16,
      "code_document": "DOC-016",
      "designation": "Planning des travaux",
      "type_document": "plan",
      "format": "A0",
      "quantite": 3.0,
      "cout_unitaire": 2000.0,
      "cout_total": 6000.0
    },
    {
      "document_id": 17,
      "code_document": "DOC-017",
      "designation": "Fiches de présence",
      "type_document": "fiche",
      "format": "A4",
      "quantite": 100.0,
      "cout_unitaire": 100.0,
      "cout_total": 10000.0
    },
    {
      "document_id": 18,
      "code_document": "DOC-018",
      "designation": "Fiches de gestion de stock",
      "type_document": "fiche",
      "format": "A4",
      "quantite": 100.0,
      "cout_unitaire": 100.0,
      "cout_total": 10000.0
    },
    {
      "document_id": 19,
      "code_document": "DOC-019",
      "designation": "Journal de chantier",
      "type_document": "document",
      "format": "Ens",
      "quantite": 1.0,
      "cout_unitaire": 5000.0,
      "cout_total": 5000.0
    },
    {
      "document_id": 20,
      "code_document": "DOC-020",
      "designation": "Fiches d'inspection des ouvrages",
      "type_document": "fiche",
      "format": "A4",
      "quantite": 100.0,
      "cout_unitaire": 100.0,
      "cout_total": 10000.0
    },
    {
      "document_id": 21,
      "code_document": "DOC-021",
      "designation": "Rapport des travaux",
      "type_document": "document",
      "format": "Ens",
      "quantite": 5.0,
      "cout_unitaire": 5000.0,
      "cout_total": 25000.0
    }
  ]
}