{
  "tables_created": [
    "metiers (fusion main_oeuvre + personnel admin)",
    "categories_metiers (nouvelle)",
    "prestations (fusion etudes + tarifs_koma)",
    "documents_chantier (extraits de charges)",
    "equipements_securite (extraits de charges)"
  ],
  "tables_modified": [
    "materiaux (enrichie avec outils de charges)",
    "charges (nettoyée, charges résiduelles uniquement)"
  ],
  "tables_removed": [
    "main_oeuvre (fusionnée dans metiers)",
    "sections_main_oeuvre (remplacée par categories_metiers)",
    "etudes (fusionnée dans prestations)",
    "tarifs_koma (fusionnée dans prestations)"
  ],
  "statistics": {
    "materiaux": 367,
    "metiers": 75,
    "categories_metiers": 19,
    "prestations": 17,
    "charges": 14,
    "documents_chantier": 21,
    "equipements_securite": 11,
    "anomalies": 0
  }
}