{
  "table": "categories_materiaux",
  "records": [
    {
      "categorie_id": 1,
      "libelle": "Petit matériel"
    },
    {
      "categorie_id": 2,
      "libelle": "Gros-Oeuvre"
    },
    {
      "categorie_id": 3,
      "libelle": "Etanchéité"
    },
    {
      "categorie_id": 4,
      "libelle": "Plomberie"
    },
    {
      "categorie_id": 5,
      "libelle": "Electricté"
    },
    {
      "categorie_id": 6,
      "libelle": "Carrelage"
    },
    {
      "categorie_id": 7,
      "libelle": "Peinture"
    },
    {
      "categorie_id": 8,
      "libelle": "Menuiserie Bois"
    },
    {
      "categorie_id": 9,
      "libelle": "Menuiserie Métallique"
    },
    {
      "categorie_id": 10,
      "libelle": "Menuiserie Aluminium et vitrerie"
    },
    {
      "categorie_id": 11,
      "libelle": "Aménagement extérieur"
    },
    {
      "categorie_id": 12,
      "libelle": "Divers"
    },
    {
      "categorie_id": 13,
      "libelle": "Staff"
    },
    {
      "categorie_id": 14,
      "libelle": "Composants opérations"
    }
  ]
}