{
  "table": "operation_materiaux",
  "records": [
    {
      "id": 1,
      "operation_id": null,
      "materiau_id": null,
      "quantite": null,
      "cout_unitaire": 4900.0,
      "cout_total": null
    },
    {
      "id": 2,
      "operation_id": null,
      "materiau_id": null,
      "quantite": null,
      "cout_unitaire": 1650.0,
      "cout_total": null
    },
    {
      "id": 3,
      "operation_id": null,
      "materiau_id": null,
      "quantite": null,
      "cout_unitaire": 2600.0,
      "cout_total": null
    },
    {
      "id": 4,
      "operation_id": null,
      "materiau_id": null,
      "quantite": null,
      "cout_unitaire": 2500.0,
      "cout_total": null
    },
    {
      "id": 5,
      "operation_id": null,
      "materiau_id": null,
      "quantite": null,
      "cout_unitaire": 4350.0,
      "cout_total": null
    },
    {
      "id": 6,
      "operation_id": null,
      "materiau_id": null,
      "quantite": null,
      "cout_unitaire": 3500.0,
      "cout_total": null
    },
    {
      "id": 8,
      "operation_id": null,
      "materiau_id": null,
      "quantite": null,
      "cout_unitaire": 1000.0,
      "cout_total": null
    },
    {
      "id": 13,
      "operation_id": null,
      "materiau_id": null,
      "quantite": null,
      "cout_unitaire": 6000.0,
      "cout_total": null
    },
    {
      "id": 19,
      "operation_id": null,
      "materiau_id": null,
      "quantite": null,
      "cout_unitaire": 32000.0,
      "cout_total": null
    },
    {
      "id": 22,
      "operation_id": null,
      "materiau_id": null,
      "quantite": null,
      "cout_unitaire": 900.0,
      "cout_total": null
    },
    {
      "id": 24,
      "operation_id": null,
      "materiau_id": null,
      "quantite": null,
      "cout_unitaire": 70000.0,
      "cout_total": null
    },
    {
      "id": 26,
      "operation_id": null,
      "materiau_id": null,
      "quantite": null,
      "cout_unitaire": 22000.0,
      "cout_total": null
    },
    {
      "id": 27,
      "operation_id": null,
      "materiau_id": null,
      "quantite": null,
      "cout_unitaire": 4000.0,
      "cout_total": null
    },
    {
      "id": 29,
      "operation_id": null,
      "materiau_id": null,
      "quantite": null,
      "cout_unitaire": 1500.0,
      "cout_total": null
    },
    {
      "id": 30,
      "operation_id": null,
      "materiau_id": null,
      "quantite": null,
      "cout_unitaire": 600.0,
      "cout_total": null
    },
    {
      "id": 35,
      "operation_id": null,
      "materiau_id": null,
      "quantite": null,
      "cout_unitaire": 5600.0,
      "cout_total": null
    },
    {
      "id": 36,
      "operation_id": null,
      "materiau_id": null,
      "quantite": null,
      "cout_unitaire": 15250.0,
      "cout_total": null
    },
    {
      "id": 41,
      "operation_id": null,
      "materiau_id": null,
      "quantite": null,
      "cout_unitaire": 2929.0,
      "cout_total": null
    },
    {
      "id": 42,
      "operation_id": null,
      "materiau_id": null,
      "quantite": null,
      "cout_unitaire": 4468.5,
      "cout_total": null
    },
    {
      "id": 43,
      "operation_id": null,
      "materiau_id": null,
      "quantite": null,
      "cout_unitaire": 6392.5,
      "cout_total": null
    },
    {
      "id": 44,
      "operation_id": null,
      "materiau_id": null,
      "quantite": null,
      "cout_unitaire": 9353.0,
      "cout_total": null
    },
    {
      "id": 45,
      "operation_id": null,
      "materiau_id": null,
      "quantite": null,
      "cout_unitaire": 1550.0,
      "cout_total": null
    },
    {
      "id": 47,
      "operation_id": null,
      "materiau_id": null,
      "quantite": null,
      "cout_unitaire": 5400.0,
      "cout_total": null
    },
    {
      "id": 54,
      "operation_id": null,
      "materiau_id": null,
      "quantite": null,
      "cout_unitaire": 1250.0,
      "cout_total": null
    },
    {
      "id": 55,
      "operation_id": null,
      "materiau_id": null,
      "quantite": null,
      "cout_unitaire": 4750.0,
      "cout_total": null
    },
    {
      "id": 56,
      "operation_id": null,
      "materiau_id": null,
      "quantite": null,
      "cout_unitaire": 3512.5,
      "cout_total": null
    },
    {
      "id": 141,
      "operation_id": null,
      "materiau_id": null,
      "quantite": null,
      "cout_unitaire": 400.0,
      "cout_total": null
    },
    {
      "id": 152,
      "operation_id": null,
      "materiau_id": null,
      "quantite": null,
      "cout_unitaire": 437.5,
      "cout_total": null
    },
    {
      "id": 178,
      "operation_id": null,
      "materiau_id": null,
      "quantite": null,
      "cout_unitaire": 4300.0,
      "cout_total": null
    },
    {
      "id": 266,
      "operation_id": null,
      "materiau_id": null,
      "quantite": null,
      "cout_unitaire": 36000.0,
      "cout_total": null
    },
    {
      "id": 267,
      "operation_id": null,
      "materiau_id": null,
      "quantite": null,
      "cout_unitaire": 85000.0,
      "cout_total": null
    },
    {
      "id": 268,
      "operation_id": null,
      "materiau_id": null,
      "quantite": null,
      "cout_unitaire": 6500.0,
      "cout_total": null
    },
    {
      "id": 311,
      "operation_id": null,
      "materiau_id": null,
      "quantite": null,
      "cout_unitaire": 300.0,
      "cout_total": null
    },
    {
      "id": 1031,
      "operation_id": null,
      "materiau_id": null,
      "quantite": null,
      "cout_unitaire": 6775.0,
      "cout_total": null
    },
    {
      "id": 1141,
      "operation_id": null,
      "materiau_id": null,
      "quantite": null,
      "cout_unitaire": 5800.0,
      "cout_total": null
    },
    {
      "id": 1142,
      "operation_id": null,
      "materiau_id": null,
      "quantite": null,
      "cout_unitaire": 150.0,
      "cout_total": null
    },
    {
      "id": 1144,
      "operation_id": null,
      "materiau_id": null,
      "quantite": null,
      "cout_unitaire": 3200.0,
      "cout_total": null
    },
    {
      "id": 1145,
      "operation_id": null,
      "materiau_id": null,
      "quantite": null,
      "cout_unitaire": 2400.0,
      "cout_total": null
    },
    {
      "id": 1147,
      "operation_id": null,
      "materiau_id": null,
      "quantite": null,
      "cout_unitaire": 5000.0,
      "cout_total": null
    },
    {
      "id": 1148,
      "operation_id": null,
      "materiau_id": null,
      "quantite": null,
      "cout_unitaire": 7500.0,
      "cout_total": null
    },
    {
      "id": 1149,
      "operation_id": null,
      "materiau_id": null,
      "quantite": null,
      "cout_unitaire": 2300.0,
      "cout_total": null
    },
    {
      "id": 1150,
      "operation_id": null,
      "materiau_id": null,
      "quantite": null,
      "cout_unitaire": 24000.0,
      "cout_total": null
    },
    {
      "id": 1151,
      "operation_id": null,
      "materiau_id": null,
      "quantite": null,
      "cout_unitaire": 8500.0,
      "cout_total": null
    },
    {
      "id": 1152,
      "operation_id": null,
      "materiau_id": null,
      "quantite": null,
      "cout_unitaire": 3800.0,
      "cout_total": null
    },
    {
      "id": 1153,
      "operation_id": null,
      "materiau_id": null,
      "quantite": null,
      "cout_unitaire": 27000.0,
      "cout_total": null
    },
    {
      "id": 1156,
      "operation_id": null,
      "materiau_id": null,
      "quantite": null,
      "cout_unitaire": 700.0,
      "cout_total": null
    },
    {
      "id": 1172,
      "operation_id": null,
      "materiau_id": null,
      "quantite": null,
      "cout_unitaire": 5500.0,
      "cout_total": null
    },
    {
      "id": 1173,
      "operation_id": null,
      "materiau_id": null,
      "quantite": null,
      "cout_unitaire": 20000.0,
      "cout_total": null
    },
    {
      "id": 1175,
      "operation_id": null,
      "materiau_id": null,
      "quantite": null,
      "cout_unitaire": 35000.0,
      "cout_total": null
    },
    {
      "id": 1176,
      "operation_id": null,
      "materiau_id": null,
      "quantite": null,
      "cout_unitaire": 10000.0,
      "cout_total": null
    },
    {
      "id": 1181,
      "operation_id": null,
      "materiau_id": null,
      "quantite": null,
      "cout_unitaire": 2250.0,
      "cout_total": null
    },
    {
      "id": 1184,
      "operation_id": null,
      "materiau_id": null,
      "quantite": null,
      "cout_unitaire": 6750.0,
      "cout_total": null
    },
    {
      "id": 1201,
      "operation_id": null,
      "materiau_id": null,
      "quantite": null,
      "cout_unitaire": 71000.0,
      "cout_total": null
    },
    {
      "id": 1202,
      "operation_id": null,
      "materiau_id": null,
      "quantite": null,
      "cout_unitaire": 46700.0,
      "cout_total": null
    },
    {
      "id": 1205,
      "operation_id": null,
      "materiau_id": null,
      "quantite": null,
      "cout_unitaire": 67300.0,
      "cout_total": null
    },
    {
      "id": 1207,
      "operation_id": null,
      "materiau_id": null,
      "quantite": null,
      "cout_unitaire": 91000.0,
      "cout_total": null
    }
  ]
}