{
  "table": "equipements_securite",
  "records": [
    {
      "equipement_id": 1,
      "code_equipement": "EPI-001",
      "designation": "Charges HSE",
      "type_equipement": "EPI",
      "unite": "Ens",
      "quantite": 1.0,
      "cout_unitaire": 1015625.0,
      "cout_total": 304687.5
    },
    {
      "equipement_id": 2,
      "code_equipement": "EPI-002",
      "designation": "Bottes PVC",
      "type_equipement": "EPI",
      "unite": "u",
      "quantite": 20.0,
      "cout_unitaire": 12000.0,
      "cout_total": 240000.0
    },
    {
      "equipement_id": 3,
      "code_equipement": "EPI-003",
      "designation": "Harnets de sécurité",
      "type_equipement": "EPI",
      "unite": "u",
      "quantite": 2.0,
      "cout_unitaire": 200000.0,
      "cout_total": 400000.0
    },
    {
      "equipement_id": 4,
      "code_equipement": "EPI-004",
      "designation": "Casques",
      "type_equipement": "EPI",
      "unite": "u",
      "quantite": 20.0,
      "cout_unitaire": 3500.0,
      "cout_total": 70000.0
    },
    {
      "equipement_id": 5,
      "code_equipement": "EPI-005",
      "designation": "Gilets ordinaires",
      "type_equipement": "EPI",
      "unite": "u",
      "quantite": 20.0,
      "cout_unitaire": 3000.0,
      "cout_total": 60000.0
    },
    {
      "equipement_id": 6,
      "code_equipement": "EPI-006",
      "designation": "Gilets admin",
      "type_equipement": "EPI",
      "unite": "u",
      "quantite": 5.0,
      "cout_unitaire": 5000.0,
      "cout_total": 25000.0
    },
    {
      "equipement_id": 7,
      "code_equipement": "EPI-007",
      "designation": "Lunettes de protection",
      "type_equipement": "EPI",
      "unite": "u",
      "quantite": 3.0,
      "cout_unitaire": 5000.0,
      "cout_total": 15000.0
    },
    {
      "equipement_id": 8,
      "code_equipement": "EPI-008",
      "designation": "Gants Impact glove",
      "type_equipement": "EPI",
      "unite": "paire",
      "quantite": 10.0,
      "cout_unitaire": 6500.0,
      "cout_total": 65000.0
    },
    {
      "equipement_id": 9,
      "code_equipement": "EPI-009",
      "designation": "Chaussures de sécurité",
      "type_equipement": "EPI",
      "unite": "paire",
      "quantite": 5.0,
      "cout_unitaire": 25000.0,
      "cout_total": 125000.0
    },
    {
      "equipement_id": 10,
      "code_equipement": "EPI-010",
      "designation": "Confection de la plaque de chantier",
      "type_equipement": "EPI",
      "unite": "m²",
      "quantite": 2.25,
      "cout_unitaire": 2500.0,
      "cout_total": 5625.0
    },
    {
      "equipement_id": 11,
      "code_equipement": "EPI-011",
      "designation": "Ruban de signalisation",
      "type_equipement": "EPI",
      "unite": "u",
      "quantite": 10.0,
      "cout_unitaire": 1000.0,
      "cout_total": 10000.0
    }
  ]
}