{
  "table": "unites",
  "records": [
    {
      "unite_id": 1,
      "code": "u",
      "libelle": "u"
    },
    {
      "unite_id": 2,
      "code": "ml",
      "libelle": "ml"
    },
    {
      "unite_id": 3,
      "code": "rlx",
      "libelle": "rouleau"
    },
    {
      "unite_id": 4,
      "code": "sac de 25kg",
      "libelle": "sac de 25kg"
    },
    {
      "unite_id": 5,
      "code": "sac de 50kg",
      "libelle": "sac de 50kg"
    },
    {
      "unite_id": 6,
      "code": "barre",
      "libelle": "barre"
    },
    {
      "unite_id": 7,
      "code": "Tonnes",
      "libelle": "Tonnes"
    },
    {
      "unite_id": 8,
      "code": "pqt",
      "libelle": "paquet"
    },
    {
      "unite_id": 9,
      "code": "camion",
      "libelle": "camion"
    },
    {
      "unite_id": 10,
      "code": "tonnes",
      "libelle": "tonnes"
    },
    {
      "unite_id": 11,
      "code": "seau",
      "libelle": "seau"
    },
    {
      "unite_id": 12,
      "code": "m²",
      "libelle": "m²"
    },
    {
      "unite_id": 13,
      "code": "litre",
      "libelle": "litre"
    },
    {
      "unite_id": 14,
      "code": "bt",
      "libelle": "bt"
    },
    {
      "unite_id": 15,
      "code": "sac",
      "libelle": "sac"
    },
    {
      "unite_id": 16,
      "code": "m",
      "libelle": "m"
    },
    {
      "unite_id": 17,
      "code": "pot",
      "libelle": "pot"
    },
    {
      "unite_id": 18,
      "code": "bidon",
      "libelle": "bidon"
    },
    {
      "unite_id": 19,
      "code": "btle",
      "libelle": "bouteille"
    }
  ]
}