{
  "table": "metiers",
  "records": [
    {
      "metier_id": 1,
      "code_metier": "MO-001",
      "designation": "Amené et repli du matériel",
      "categorie_metier_id": 1,
      "sous_categorie_metier_id": 17,
      "type_metier": "ouvrier",
      "unite_facturation": "Ens",
      "cout_unitaire": 150000.0,
      "variation": 0.05,
      "cout_final": 157500.0
    },
    {
      "metier_id": 2,
      "code_metier": "MO-002",
      "designation": "Désherbage et dessouchage",
      "categorie_metier_id": 1,
      "sous_categorie_metier_id": 10,
      "type_metier": "ouvrier",
      "unite_facturation": "m²",
      "cout_unitaire": 0.0,
      "variation": 0.05,
      "cout_final": 0.0
    },
    {
      "metier_id": 3,
      "code_metier": "MO-003",
      "designation": "Implantation",
      "categorie_metier_id": 1,
      "sous_categorie_metier_id": 10,
      "type_metier": "ouvrier",
      "unite_facturation": "m²",
      "cout_unitaire": 300.0,
      "variation": 0.05,
      "cout_final": 315.0
    },
    {
      "metier_id": 4,
      "code_metier": "MO-004",
      "designation": "Fouille",
      "categorie_metier_id": 1,
      "sous_categorie_metier_id": 10,
      "type_metier": "ouvrier",
      "unite_facturation": "m3",
      "cout_unitaire": 1000.0,
      "variation": 0.05,
      "cout_final": 1050.0
    },
    {
      "metier_id": 5,
      "code_metier": "MO-005",
      "designation": "Remblai",
      "categorie_metier_id": 1,
      "sous_categorie_metier_id": 10,
      "type_metier": "ouvrier",
      "unite_facturation": "m3",
      "cout_unitaire": 2500.0,
      "variation": 0.05,
      "cout_final": 2625.0
    },
    {
      "metier_id": 6,
      "code_metier": "MO-006",
      "designation": "Béton",
      "categorie_metier_id": 1,
      "sous_categorie_metier_id": 13,
      "type_metier": "ouvrier",
      "unite_facturation": "sac",
      "cout_unitaire": 800.0,
      "variation": 0.05,
      "cout_final": 840.0
    },
    {
      "metier_id": 7,
      "code_metier": "MO-007",
      "designation": "Dallage",
      "categorie_metier_id": 1,
      "sous_categorie_metier_id": 13,
      "type_metier": "ouvrier",
      "unite_facturation": "m²",
      "cout_unitaire": 850.0,
      "variation": 0.05,
      "cout_final": 892.5
    },
    {
      "metier_id": 8,
      "code_metier": "MO-008",
      "designation": "Dalle niveau bas",
      "categorie_metier_id": 1,
      "sous_categorie_metier_id": 13,
      "type_metier": "ouvrier",
      "unite_facturation": "sac",
      "cout_unitaire": 1000.0,
      "variation": 0.05,
      "cout_final": 1050.0
    },
    {
      "metier_id": 9,
      "code_metier": "MO-009",
      "designation": "Dalle niveau haut",
      "categorie_metier_id": 1,
      "sous_categorie_metier_id": 13,
      "type_metier": "ouvrier",
      "unite_facturation": "sac",
      "cout_unitaire": 1300.0,
      "variation": 0.05,
      "cout_final": 1365.0
    },
    {
      "metier_id": 10,
      "code_metier": "MO-010",
      "designation": "Ferraillage semelle",
      "categorie_metier_id": 1,
      "sous_categorie_metier_id": 11,
      "type_metier": "ouvrier",
      "unite_facturation": "m²",
      "cout_unitaire": 1300.0,
      "variation": 0.05,
      "cout_final": 1365.0
    },
    {
      "metier_id": 11,
      "code_metier": "MO-011",
      "designation": "Ferraillage nappe",
      "categorie_metier_id": 1,
      "sous_categorie_metier_id": 11,
      "type_metier": "ouvrier",
      "unite_facturation": "m²",
      "cout_unitaire": 500.0,
      "variation": 0.05,
      "cout_final": 525.0
    },
    {
      "metier_id": 12,
      "code_metier": "MO-012",
      "designation": "Ferraillage nervure",
      "categorie_metier_id": 1,
      "sous_categorie_metier_id": 11,
      "type_metier": "ouvrier",
      "unite_facturation": "ml",
      "cout_unitaire": 700.0,
      "variation": 0.05,
      "cout_final": 735.0
    },
    {
      "metier_id": 13,
      "code_metier": "MO-013",
      "designation": "Ferraillage poteau",
      "categorie_metier_id": 1,
      "sous_categorie_metier_id": 11,
      "type_metier": "ouvrier",
      "unite_facturation": "ml",
      "cout_unitaire": 1500.0,
      "variation": 0.05,
      "cout_final": 1575.0
    },
    {
      "metier_id": 14,
      "code_metier": "MO-014",
      "designation": "Ferraillage escalier",
      "categorie_metier_id": 1,
      "sous_categorie_metier_id": 11,
      "type_metier": "ouvrier",
      "unite_facturation": "m²",
      "cout_unitaire": 5000.0,
      "variation": 0.05,
      "cout_final": 5250.0
    },
    {
      "metier_id": 15,
      "code_metier": "MO-015",
      "designation": "Ferraillage poutre et linteau",
      "categorie_metier_id": 1,
      "sous_categorie_metier_id": 11,
      "type_metier": "ouvrier",
      "unite_facturation": "ml",
      "cout_unitaire": 1500.0,
      "variation": 0.05,
      "cout_final": 1575.0
    },
    {
      "metier_id": 16,
      "code_metier": "MO-016",
      "designation": "Ferraillage chaperon et béquet",
      "categorie_metier_id": 1,
      "sous_categorie_metier_id": 11,
      "type_metier": "ouvrier",
      "unite_facturation": "ml",
      "cout_unitaire": 300.0,
      "variation": 0.05,
      "cout_final": 315.0
    },
    {
      "metier_id": 17,
      "code_metier": "MO-017",
      "designation": "Coffrage semelle",
      "categorie_metier_id": 1,
      "sous_categorie_metier_id": 12,
      "type_metier": "ouvrier",
      "unite_facturation": "m²",
      "cout_unitaire": 300.0,
      "variation": 0.05,
      "cout_final": 315.0
    },
    {
      "metier_id": 18,
      "code_metier": "MO-018",
      "designation": "Coffrage poteau",
      "categorie_metier_id": 1,
      "sous_categorie_metier_id": 12,
      "type_metier": "ouvrier",
      "unite_facturation": "ml",
      "cout_unitaire": 1500.0,
      "variation": 0.05,
      "cout_final": 1575.0
    },
    {
      "metier_id": 19,
      "code_metier": "MO-019",
      "designation": "Coffrage poutre et linteau",
      "categorie_metier_id": 1,
      "sous_categorie_metier_id": 12,
      "type_metier": "ouvrier",
      "unite_facturation": "ml",
      "cout_unitaire": 1500.0,
      "variation": 0.05,
      "cout_final": 1575.0
    },
    {
      "metier_id": 20,
      "code_metier": "MO-020",
      "designation": "Coffrage plancher à corps creux",
      "categorie_metier_id": 1,
      "sous_categorie_metier_id": 12,
      "type_metier": "ouvrier",
      "unite_facturation": "m²",
      "cout_unitaire": 1200.0,
      "variation": 0.05,
      "cout_final": 1260.0
    },
    {
      "metier_id": 21,
      "code_metier": "MO-021",
      "designation": "Coffrage dalle pleine",
      "categorie_metier_id": 1,
      "sous_categorie_metier_id": 12,
      "type_metier": "ouvrier",
      "unite_facturation": "m²",
      "cout_unitaire": 1500.0,
      "variation": 0.05,
      "cout_final": 1575.0
    },
    {
      "metier_id": 22,
      "code_metier": "MO-022",
      "designation": "Coffrage chéneau",
      "categorie_metier_id": 1,
      "sous_categorie_metier_id": 12,
      "type_metier": "ouvrier",
      "unite_facturation": "ml",
      "cout_unitaire": 400.0,
      "variation": 0.05,
      "cout_final": 420.0
    },
    {
      "metier_id": 23,
      "code_metier": "MO-023",
      "designation": "Coffrage escalier",
      "categorie_metier_id": 1,
      "sous_categorie_metier_id": 12,
      "type_metier": "ouvrier",
      "unite_facturation": "m²",
      "cout_unitaire": 4000.0,
      "variation": 0.05,
      "cout_final": 4200.0
    },
    {
      "metier_id": 24,
      "code_metier": "MO-024",
      "designation": "Enduit murs",
      "categorie_metier_id": 1,
      "sous_categorie_metier_id": 15,
      "type_metier": "ouvrier",
      "unite_facturation": "m²",
      "cout_unitaire": 1300.0,
      "variation": 0.05,
      "cout_final": 1365.0
    },
    {
      "metier_id": 25,
      "code_metier": "MO-025",
      "designation": "Enduit murs dalle",
      "categorie_metier_id": 1,
      "sous_categorie_metier_id": 13,
      "type_metier": "ouvrier",
      "unite_facturation": "m²",
      "cout_unitaire": 1500.0,
      "variation": 0.05,
      "cout_final": 1575.0
    },
    {
      "metier_id": 26,
      "code_metier": "MO-026",
      "designation": "Maçonneries en agglos de 10",
      "categorie_metier_id": 1,
      "sous_categorie_metier_id": 14,
      "type_metier": "ouvrier_qualifie",
      "unite_facturation": "u",
      "cout_unitaire": 75.0,
      "variation": 0.05,
      "cout_final": 78.75
    },
    {
      "metier_id": 27,
      "code_metier": "MO-027",
      "designation": "Maçonneries en agglos de 12",
      "categorie_metier_id": 1,
      "sous_categorie_metier_id": 14,
      "type_metier": "ouvrier_qualifie",
      "unite_facturation": "u",
      "cout_unitaire": 75.0,
      "variation": 0.05,
      "cout_final": 78.75
    },
    {
      "metier_id": 28,
      "code_metier": "MO-028",
      "designation": "Maçonneries en agglos de 15",
      "categorie_metier_id": 1,
      "sous_categorie_metier_id": 14,
      "type_metier": "ouvrier_qualifie",
      "unite_facturation": "u",
      "cout_unitaire": 90.0,
      "variation": 0.05,
      "cout_final": 94.5
    },
    {
      "metier_id": 29,
      "code_metier": "MO-029",
      "designation": "Maçonneries en agglos de 20",
      "categorie_metier_id": 1,
      "sous_categorie_metier_id": 14,
      "type_metier": "ouvrier_qualifie",
      "unite_facturation": "u",
      "cout_unitaire": 135.0,
      "variation": 0.05,
      "cout_final": 141.75
    },
    {
      "metier_id": 30,
      "code_metier": "MO-030",
      "designation": "Manutention sable",
      "categorie_metier_id": 1,
      "sous_categorie_metier_id": 17,
      "type_metier": "ouvrier",
      "unite_facturation": "tonne",
      "cout_unitaire": 500.0,
      "variation": 0.05,
      "cout_final": 525.0
    },
    {
      "metier_id": 31,
      "code_metier": "MO-031",
      "designation": "Manutention gravier",
      "categorie_metier_id": 1,
      "sous_categorie_metier_id": 17,
      "type_metier": "ouvrier",
      "unite_facturation": "tonne",
      "cout_unitaire": 1000.0,
      "variation": 0.05,
      "cout_final": 1050.0
    },
    {
      "metier_id": 32,
      "code_metier": "MO-032",
      "designation": "Manutention agglos",
      "categorie_metier_id": 1,
      "sous_categorie_metier_id": 14,
      "type_metier": "ouvrier",
      "unite_facturation": "u",
      "cout_unitaire": 15.0,
      "variation": 0.05,
      "cout_final": 15.75
    },
    {
      "metier_id": 33,
      "code_metier": "MO-033",
      "designation": "Manutention et classement hourdis",
      "categorie_metier_id": 1,
      "sous_categorie_metier_id": 17,
      "type_metier": "ouvrier",
      "unite_facturation": "u",
      "cout_unitaire": 100.0,
      "variation": 0.05,
      "cout_final": 105.0
    },
    {
      "metier_id": 34,
      "code_metier": "MO-034",
      "designation": "Etanchéité",
      "categorie_metier_id": 1,
      "sous_categorie_metier_id": 1,
      "type_metier": "ouvrier",
      "unite_facturation": "m²",
      "cout_unitaire": 1300.0,
      "variation": 0.05,
      "cout_final": 1365.0
    },
    {
      "metier_id": 35,
      "code_metier": "MO-035",
      "designation": "Charpente",
      "categorie_metier_id": 1,
      "sous_categorie_metier_id": 16,
      "type_metier": "ouvrier",
      "unite_facturation": "m²",
      "cout_unitaire": 1500.0,
      "variation": 0.05,
      "cout_final": 1575.0
    },
    {
      "metier_id": 36,
      "code_metier": "MO-036",
      "designation": "Couverture",
      "categorie_metier_id": 1,
      "sous_categorie_metier_id": 16,
      "type_metier": "ouvrier",
      "unite_facturation": "m²",
      "cout_unitaire": 1000.0,
      "variation": 0.05,
      "cout_final": 1050.0
    },
    {
      "metier_id": 37,
      "code_metier": "MO-037",
      "designation": "Pose lambris",
      "categorie_metier_id": 2,
      "sous_categorie_metier_id": 20,
      "type_metier": "ouvrier",
      "unite_facturation": "m²",
      "cout_unitaire": 4000.0,
      "variation": 0.05,
      "cout_final": 4200.0
    },
    {
      "metier_id": 38,
      "code_metier": "MO-038",
      "designation": "Pose faux-plafond en contre-plaqué",
      "categorie_metier_id": 2,
      "sous_categorie_metier_id": 20,
      "type_metier": "ouvrier",
      "unite_facturation": "m²",
      "cout_unitaire": 5000.0,
      "variation": 0.05,
      "cout_final": 5250.0
    },
    {
      "metier_id": 39,
      "code_metier": "MO-039",
      "designation": "Staff",
      "categorie_metier_id": 2,
      "sous_categorie_metier_id": 20,
      "type_metier": "ouvrier",
      "unite_facturation": "m²",
      "cout_unitaire": 2800.0,
      "variation": 0.05,
      "cout_final": 2940.0
    },
    {
      "metier_id": 40,
      "code_metier": "MO-040",
      "designation": "Carrelage",
      "categorie_metier_id": 2,
      "sous_categorie_metier_id": 21,
      "type_metier": "ouvrier",
      "unite_facturation": "m²",
      "cout_unitaire": 1300.0,
      "variation": 0.05,
      "cout_final": 1365.0
    },
    {
      "metier_id": 41,
      "code_metier": "MO-041",
      "designation": "Chape au mortier de ciment",
      "categorie_metier_id": 2,
      "sous_categorie_metier_id": 21,
      "type_metier": "ouvrier",
      "unite_facturation": "sac",
      "cout_unitaire": 750.0,
      "variation": 0.05,
      "cout_final": 787.5
    },
    {
      "metier_id": 42,
      "code_metier": "MO-042",
      "designation": "Préparation de surface",
      "categorie_metier_id": 2,
      "sous_categorie_metier_id": 22,
      "type_metier": "ouvrier",
      "unite_facturation": "m²",
      "cout_unitaire": 200.0,
      "variation": 0.05,
      "cout_final": 210.0
    },
    {
      "metier_id": 43,
      "code_metier": "MO-043",
      "designation": "Lacquage des murs",
      "categorie_metier_id": 2,
      "sous_categorie_metier_id": 22,
      "type_metier": "ouvrier",
      "unite_facturation": "m²",
      "cout_unitaire": 450.0,
      "variation": 0.05,
      "cout_final": 472.5
    },
    {
      "metier_id": 44,
      "code_metier": "MO-044",
      "designation": "Peinture intérieure",
      "categorie_metier_id": 2,
      "sous_categorie_metier_id": 22,
      "type_metier": "ouvrier",
      "unite_facturation": "m²",
      "cout_unitaire": 850.0,
      "variation": 0.05,
      "cout_final": 892.5
    },
    {
      "metier_id": 45,
      "code_metier": "MO-045",
      "designation": "Peinture extérieure",
      "categorie_metier_id": 2,
      "sous_categorie_metier_id": 22,
      "type_metier": "ouvrier",
      "unite_facturation": "m²",
      "cout_unitaire": 850.0,
      "variation": 0.05,
      "cout_final": 892.5
    },
    {
      "metier_id": 46,
      "code_metier": "MO-046",
      "designation": "Peinture dalle",
      "categorie_metier_id": 2,
      "sous_categorie_metier_id": 22,
      "type_metier": "ouvrier",
      "unite_facturation": "m²",
      "cout_unitaire": 1200.0,
      "variation": 0.05,
      "cout_final": 1260.0
    },
    {
      "metier_id": 47,
      "code_metier": "MO-047",
      "designation": "Peinture ferronerie",
      "categorie_metier_id": 2,
      "sous_categorie_metier_id": 22,
      "type_metier": "ouvrier",
      "unite_facturation": "m²",
      "cout_unitaire": 400.0,
      "variation": 0.05,
      "cout_final": 420.0
    },
    {
      "metier_id": 48,
      "code_metier": "MO-048",
      "designation": "Fourniture et pose alu",
      "categorie_metier_id": 2,
      "sous_categorie_metier_id": 23,
      "type_metier": "ouvrier",
      "unite_facturation": "m²",
      "cout_unitaire": 10000.0,
      "variation": 0.05,
      "cout_final": 10500.0
    },
    {
      "metier_id": 49,
      "code_metier": "MO-049",
      "designation": "Menuiserie métallique",
      "categorie_metier_id": 2,
      "sous_categorie_metier_id": 23,
      "type_metier": "ouvrier",
      "unite_facturation": "m²",
      "cout_unitaire": 10000.0,
      "variation": 0.05,
      "cout_final": 10500.0
    },
    {
      "metier_id": 50,
      "code_metier": "MO-050",
      "designation": "Pose porte en bois de 80,90",
      "categorie_metier_id": 2,
      "sous_categorie_metier_id": 23,
      "type_metier": "ouvrier",
      "unite_facturation": "u",
      "cout_unitaire": 20000.0,
      "variation": 0.05,
      "cout_final": 21000.0
    },
    {
      "metier_id": 51,
      "code_metier": "MO-051",
      "designation": "Pose placard en bois",
      "categorie_metier_id": 2,
      "sous_categorie_metier_id": 23,
      "type_metier": "ouvrier",
      "unite_facturation": "m²",
      "cout_unitaire": 4000.0,
      "variation": 0.05,
      "cout_final": 4200.0
    },
    {
      "metier_id": 52,
      "code_metier": "MO-052",
      "designation": "Pose sanitaires de plomberie",
      "categorie_metier_id": 2,
      "sous_categorie_metier_id": 24,
      "type_metier": "ouvrier",
      "unite_facturation": "pièce",
      "cout_unitaire": 25000.0,
      "variation": 0.05,
      "cout_final": 26250.0
    },
    {
      "metier_id": 53,
      "code_metier": "MO-053",
      "designation": "Pose appareillage électricité",
      "categorie_metier_id": 2,
      "sous_categorie_metier_id": 25,
      "type_metier": "ouvrier",
      "unite_facturation": "Ens",
      "cout_unitaire": null,
      "variation": null,
      "cout_final": null
    },
    {
      "metier_id": 54,
      "code_metier": "MO-054",
      "designation": "Pose pavé",
      "categorie_metier_id": 3,
      "sous_categorie_metier_id": 3,
      "type_metier": "ouvrier",
      "unite_facturation": "m²",
      "cout_unitaire": 1500.0,
      "variation": 0.05,
      "cout_final": 1575.0
    },
    {
      "metier_id": 55,
      "code_metier": "MO-055",
      "designation": "Pose gazon",
      "categorie_metier_id": 3,
      "sous_categorie_metier_id": 3,
      "type_metier": "ouvrier",
      "unite_facturation": "m²",
      "cout_unitaire": 1000.0,
      "variation": 0.05,
      "cout_final": 1050.0
    },
    {
      "metier_id": 56,
      "code_metier": "MO-056",
      "designation": "Maçon",
      "categorie_metier_id": 1,
      "sous_categorie_metier_id": 14,
      "type_metier": "ouvrier_qualifie",
      "unite_facturation": "jour",
      "cout_unitaire": 5000.0,
      "variation": 0.0,
      "cout_final": 5000.0
    },
    {
      "metier_id": 57,
      "code_metier": "MO-057",
      "designation": "Ferrailleur",
      "categorie_metier_id": 1,
      "sous_categorie_metier_id": 11,
      "type_metier": "ouvrier_qualifie",
      "unite_facturation": "jour",
      "cout_unitaire": 5000.0,
      "variation": 0.0,
      "cout_final": 5000.0
    },
    {
      "metier_id": 58,
      "code_metier": "MO-058",
      "designation": "Coffreur",
      "categorie_metier_id": 1,
      "sous_categorie_metier_id": 12,
      "type_metier": "ouvrier_qualifie",
      "unite_facturation": "jour",
      "cout_unitaire": 5000.0,
      "variation": 0.0,
      "cout_final": 5000.0
    },
    {
      "metier_id": 59,
      "code_metier": "MO-059",
      "designation": "Manoeuvre",
      "categorie_metier_id": 1,
      "sous_categorie_metier_id": 1,
      "type_metier": "manoeuvre",
      "unite_facturation": "jour",
      "cout_unitaire": 3000.0,
      "variation": 0.0,
      "cout_final": 3000.0
    },
    {
      "metier_id": 60,
      "code_metier": "ADM-060",
      "designation": "Responsable administratif",
      "categorie_metier_id": 4,
      "sous_categorie_metier_id": null,
      "type_metier": "encadrement",
      "unite_facturation": "mois",
      "cout_unitaire": 150000.0,
      "variation": 0.25,
      "cout_final": 0.0
    },
    {
      "metier_id": 61,
      "code_metier": "ADM-061",
      "designation": "Responsable Technique",
      "categorie_metier_id": 5,
      "sous_categorie_metier_id": null,
      "type_metier": "encadrement",
      "unite_facturation": "mois",
      "cout_unitaire": 300000.0,
      "variation": 0.25,
      "cout_final": 0.0
    },
    {
      "metier_id": 62,
      "code_metier": "ADM-062",
      "designation": "Responsable Bureau d'étude",
      "categorie_metier_id": 5,
      "sous_categorie_metier_id": null,
      "type_metier": "encadrement",
      "unite_facturation": "mois",
      "cout_unitaire": 250000.0,
      "variation": 0.5,
      "cout_final": 0.0
    },
    {
      "metier_id": 63,
      "code_metier": "ADM-063",
      "designation": "Responsable Construction",
      "categorie_metier_id": 5,
      "sous_categorie_metier_id": null,
      "type_metier": "encadrement",
      "unite_facturation": "mois",
      "cout_unitaire": 0.0,
      "variation": 0.25,
      "cout_final": 0.0
    },
    {
      "metier_id": 64,
      "code_metier": "ADM-064",
      "designation": "Comptable",
      "categorie_metier_id": 4,
      "sous_categorie_metier_id": null,
      "type_metier": "encadrement",
      "unite_facturation": "mois",
      "cout_unitaire": 200000.0,
      "variation": 0.25,
      "cout_final": 0.0
    },
    {
      "metier_id": 65,
      "code_metier": "ADM-065",
      "designation": "Conducteur des travaux",
      "categorie_metier_id": 5,
      "sous_categorie_metier_id": null,
      "type_metier": "encadrement",
      "unite_facturation": "mois",
      "cout_unitaire": 175000.0,
      "variation": 1.0,
      "cout_final": 0.0
    },
    {
      "metier_id": 66,
      "code_metier": "ADM-066",
      "designation": "Frais de deplacement",
      "categorie_metier_id": 4,
      "sous_categorie_metier_id": null,
      "type_metier": "encadrement",
      "unite_facturation": "mois",
      "cout_unitaire": 200000.0,
      "variation": 0.5,
      "cout_final": 0.0
    },
    {
      "metier_id": 67,
      "code_metier": "ADM-067",
      "designation": "Chef chantier",
      "categorie_metier_id": 5,
      "sous_categorie_metier_id": null,
      "type_metier": "encadrement",
      "unite_facturation": "mois",
      "cout_unitaire": null,
      "variation": 1.0,
      "cout_final": 0.0
    },
    {
      "metier_id": 68,
      "code_metier": "ADM-068",
      "designation": "Magasinier",
      "categorie_metier_id": 4,
      "sous_categorie_metier_id": null,
      "type_metier": "encadrement",
      "unite_facturation": "mois",
      "cout_unitaire": 80000.0,
      "variation": 1.0,
      "cout_final": 0.0
    },
    {
      "metier_id": 69,
      "code_metier": "ADM-069",
      "designation": "Ingénieur",
      "categorie_metier_id": 5,
      "sous_categorie_metier_id": null,
      "type_metier": "encadrement",
      "unite_facturation": "mois",
      "cout_unitaire": 0.0,
      "variation": 1.0,
      "cout_final": 0.0
    },
    {
      "metier_id": 70,
      "code_metier": "ADM-070",
      "designation": "Controleur",
      "categorie_metier_id": 5,
      "sous_categorie_metier_id": null,
      "type_metier": "encadrement",
      "unite_facturation": "ff",
      "cout_unitaire": 0.0,
      "variation": 1.0,
      "cout_final": 0.0
    },
    {
      "metier_id": 71,
      "code_metier": "ADM-071",
      "designation": "Project Managers",
      "categorie_metier_id": 4,
      "sous_categorie_metier_id": null,
      "type_metier": "encadrement",
      "unite_facturation": "ff",
      "cout_unitaire": 0.0,
      "variation": 1.0,
      "cout_final": 0.0
    },
    {
      "metier_id": 72,
      "code_metier": "ADM-072",
      "designation": "Comissions construction",
      "categorie_metier_id": 5,
      "sous_categorie_metier_id": null,
      "type_metier": "encadrement",
      "unite_facturation": "ff",
      "cout_unitaire": 0.0,
      "variation": 1.0,
      "cout_final": 0.0
    },
    {
      "metier_id": 73,
      "code_metier": "ADM-073",
      "designation": "Commercial",
      "categorie_metier_id": 4,
      "sous_categorie_metier_id": null,
      "type_metier": "encadrement",
      "unite_facturation": "ff",
      "cout_unitaire": null,
      "variation": 1.0,
      "cout_final": 0.0
    },
    {
      "metier_id": 74,
      "code_metier": "ADM-074",
      "designation": "Chauffeur",
      "categorie_metier_id": 4,
      "sous_categorie_metier_id": null,
      "type_metier": "encadrement",
      "unite_facturation": "mois",
      "cout_unitaire": null,
      "variation": 0.25,
      "cout_final": 0.0
    },
    {
      "metier_id": 75,
      "code_metier": "ADM-075",
      "designation": "Stagiaire",
      "categorie_metier_id": 4,
      "sous_categorie_metier_id": null,
      "type_metier": "encadrement",
      "unite_facturation": "mois",
      "cout_unitaire": 0.0,
      "variation": 0.25,
      "cout_final": 0.0
    }
  ]
}