{
  "table": "materiaux",
  "records": [
    {
      "materiau_id": 1,
      "code_materiau": "TRP-PT-01",
      "nom_materiau": "Arrache-clou",
      "unite": "u",
      "prix_unitaire": 3500.0,
      "categorie": "Petit matériel",
      "fournisseur": null
    },
    {
      "materiau_id": 2,
      "code_materiau": "TRP-PT-02",
      "nom_materiau": "Balais coco",
      "unite": "u",
      "prix_unitaire": 1200.0,
      "categorie": "Petit matériel",
      "fournisseur": null
    },
    {
      "materiau_id": 3,
      "code_materiau": "TRP-PT-03",
      "nom_materiau": "Baramine",
      "unite": "u",
      "prix_unitaire": 15000.0,
      "categorie": "Petit matériel",
      "fournisseur": null
    },
    {
      "materiau_id": 4,
      "code_materiau": "TRP-PT-04",
      "nom_materiau": "Brouette",
      "unite": "u",
      "prix_unitaire": 32000.0,
      "categorie": "Petit matériel",
      "fournisseur": null
    },
    {
      "materiau_id": 5,
      "code_materiau": "TRP-PT-05",
      "nom_materiau": "Burin",
      "unite": "u",
      "prix_unitaire": 1000.0,
      "categorie": "Petit matériel",
      "fournisseur": null
    },
    {
      "materiau_id": 6,
      "code_materiau": "TRP-PT-06",
      "nom_materiau": "Cadenas",
      "unite": "u",
      "prix_unitaire": 2500.0,
      "categorie": "Petit matériel",
      "fournisseur": null
    },
    {
      "materiau_id": 7,
      "code_materiau": "TRP-PT-07",
      "nom_materiau": "Chaîne pour acier",
      "unite": "ml",
      "prix_unitaire": 4000.0,
      "categorie": "Petit matériel",
      "fournisseur": null
    },
    {
      "materiau_id": 8,
      "code_materiau": "TRP-PT-08",
      "nom_materiau": "Cordex",
      "unite": "u",
      "prix_unitaire": 1000.0,
      "categorie": "Petit matériel",
      "fournisseur": null
    },
    {
      "materiau_id": 9,
      "code_materiau": "TRP-PT-09",
      "nom_materiau": "Cubitenaire 1000L",
      "unite": "u",
      "prix_unitaire": 70000.0,
      "categorie": "Petit matériel",
      "fournisseur": null
    },
    {
      "materiau_id": 10,
      "code_materiau": "TRP-PT-10",
      "nom_materiau": "Cubitenaire 2000L",
      "unite": "u",
      "prix_unitaire": null,
      "categorie": "Petit matériel",
      "fournisseur": null
    },
    {
      "materiau_id": 11,
      "code_materiau": "TRP-PT-11",
      "nom_materiau": "Cubitenaire 3000L",
      "unite": "u",
      "prix_unitaire": null,
      "categorie": "Petit matériel",
      "fournisseur": null
    },
    {
      "materiau_id": 12,
      "code_materiau": "TRP-PT-12",
      "nom_materiau": "Cubitenaire 4000L",
      "unite": "u",
      "prix_unitaire": null,
      "categorie": "Petit matériel",
      "fournisseur": null
    },
    {
      "materiau_id": 13,
      "code_materiau": "TRP-PT-13",
      "nom_materiau": "Cubitenaire 5000L",
      "unite": "u",
      "prix_unitaire": null,
      "categorie": "Petit matériel",
      "fournisseur": null
    },
    {
      "materiau_id": 14,
      "code_materiau": "TRP-PT-14",
      "nom_materiau": "Décamètre 30m",
      "unite": "u",
      "prix_unitaire": null,
      "categorie": "Petit matériel",
      "fournisseur": null
    },
    {
      "materiau_id": 15,
      "code_materiau": "TRP-PT-15",
      "nom_materiau": "Décamètre 50m",
      "unite": "u",
      "prix_unitaire": 10000.0,
      "categorie": "Petit matériel",
      "fournisseur": null
    },
    {
      "materiau_id": 16,
      "code_materiau": "TRP-PT-16",
      "nom_materiau": "Décamètre 100m",
      "unite": "u",
      "prix_unitaire": null,
      "categorie": "Petit matériel",
      "fournisseur": null
    },
    {
      "materiau_id": 17,
      "code_materiau": "TRP-PT-17",
      "nom_materiau": "Disque à bois",
      "unite": "u",
      "prix_unitaire": null,
      "categorie": "Petit matériel",
      "fournisseur": null
    },
    {
      "materiau_id": 18,
      "code_materiau": "TRP-PT-18",
      "nom_materiau": "Disque à couper",
      "unite": "u",
      "prix_unitaire": 1000.0,
      "categorie": "Petit matériel",
      "fournisseur": null
    },
    {
      "materiau_id": 19,
      "code_materiau": "TRP-PT-19",
      "nom_materiau": "Eponge",
      "unite": "u",
      "prix_unitaire": 300.0,
      "categorie": "Petit matériel",
      "fournisseur": null
    },
    {
      "materiau_id": 20,
      "code_materiau": "TRP-PT-20",
      "nom_materiau": "Equerre maçon",
      "unite": "u",
      "prix_unitaire": 7000.0,
      "categorie": "Petit matériel",
      "fournisseur": null
    },
    {
      "materiau_id": 21,
      "code_materiau": "TRP-PT-21",
      "nom_materiau": "Equerre menuisier",
      "unite": "u",
      "prix_unitaire": null,
      "categorie": "Petit matériel",
      "fournisseur": null
    },
    {
      "materiau_id": 22,
      "code_materiau": "TRP-PT-22",
      "nom_materiau": "Ficelle",
      "unite": "rlx",
      "prix_unitaire": 1000.0,
      "categorie": "Petit matériel",
      "fournisseur": null
    },
    {
      "materiau_id": 23,
      "code_materiau": "TRP-PT-23",
      "nom_materiau": "Fil à plomb",
      "unite": "u",
      "prix_unitaire": 5000.0,
      "categorie": "Petit matériel",
      "fournisseur": null
    },
    {
      "materiau_id": 24,
      "code_materiau": "TRP-PT-24",
      "nom_materiau": "Fiole",
      "unite": "ml",
      "prix_unitaire": 600.0,
      "categorie": "Petit matériel",
      "fournisseur": null
    },
    {
      "materiau_id": 25,
      "code_materiau": "TRP-PT-25",
      "nom_materiau": "Fût",
      "unite": "u",
      "prix_unitaire": null,
      "categorie": "Petit matériel",
      "fournisseur": null
    },
    {
      "materiau_id": 26,
      "code_materiau": "TRP-PT-26",
      "nom_materiau": "Griffe de 10/12",
      "unite": "u",
      "prix_unitaire": 2500.0,
      "categorie": "Petit matériel",
      "fournisseur": null
    },
    {
      "materiau_id": 27,
      "code_materiau": "TRP-PT-27",
      "nom_materiau": "Griffe de 12/14",
      "unite": "u",
      "prix_unitaire": null,
      "categorie": "Petit matériel",
      "fournisseur": null
    },
    {
      "materiau_id": 28,
      "code_materiau": "TRP-PT-28",
      "nom_materiau": "Griffe de 14/16",
      "unite": "u",
      "prix_unitaire": null,
      "categorie": "Petit matériel",
      "fournisseur": null
    },
    {
      "materiau_id": 29,
      "code_materiau": "TRP-PT-29",
      "nom_materiau": "Griffe de 8/10",
      "unite": "u",
      "prix_unitaire": 1500.0,
      "categorie": "Petit matériel",
      "fournisseur": null
    },
    {
      "materiau_id": 30,
      "code_materiau": "TRP-PT-30",
      "nom_materiau": "Lame de scie",
      "unite": "u",
      "prix_unitaire": 600.0,
      "categorie": "Petit matériel",
      "fournisseur": null
    },
    {
      "materiau_id": 31,
      "code_materiau": "TRP-PT-31",
      "nom_materiau": "Machette",
      "unite": "u",
      "prix_unitaire": 1500.0,
      "categorie": "Petit matériel",
      "fournisseur": null
    },
    {
      "materiau_id": 32,
      "code_materiau": "TRP-PT-32",
      "nom_materiau": "Marteau",
      "unite": "u",
      "prix_unitaire": 2500.0,
      "categorie": "Petit matériel",
      "fournisseur": null
    },
    {
      "materiau_id": 33,
      "code_materiau": "TRP-PT-33",
      "nom_materiau": "Massette de 2kg",
      "unite": "u",
      "prix_unitaire": 6000.0,
      "categorie": "Petit matériel",
      "fournisseur": null
    },
    {
      "materiau_id": 34,
      "code_materiau": "TRP-PT-34",
      "nom_materiau": "Massette de 5kg",
      "unite": "u",
      "prix_unitaire": null,
      "categorie": "Petit matériel",
      "fournisseur": null
    },
    {
      "materiau_id": 35,
      "code_materiau": "TRP-PT-35",
      "nom_materiau": "Mésure de 5m",
      "unite": "u",
      "prix_unitaire": null,
      "categorie": "Petit matériel",
      "fournisseur": null
    },
    {
      "materiau_id": 36,
      "code_materiau": "TRP-PT-36",
      "nom_materiau": "Mésure de 7m",
      "unite": "u",
      "prix_unitaire": 1000.0,
      "categorie": "Petit matériel",
      "fournisseur": null
    },
    {
      "materiau_id": 37,
      "code_materiau": "TRP-PT-37",
      "nom_materiau": "Niveau à bulle d'air",
      "unite": "u",
      "prix_unitaire": 3500.0,
      "categorie": "Petit matériel",
      "fournisseur": null
    },
    {
      "materiau_id": 38,
      "code_materiau": "TRP-PT-38",
      "nom_materiau": "Paumelles",
      "unite": "u",
      "prix_unitaire": 1000.0,
      "categorie": "Petit matériel",
      "fournisseur": null
    },
    {
      "materiau_id": 39,
      "code_materiau": "TRP-PT-39",
      "nom_materiau": "Pelle bêche",
      "unite": "u",
      "prix_unitaire": 2500.0,
      "categorie": "Petit matériel",
      "fournisseur": null
    },
    {
      "materiau_id": 40,
      "code_materiau": "TRP-PT-40",
      "nom_materiau": "Pelle ronde",
      "unite": "u",
      "prix_unitaire": 2500.0,
      "categorie": "Petit matériel",
      "fournisseur": null
    },
    {
      "materiau_id": 41,
      "code_materiau": "TRP-PT-41",
      "nom_materiau": "Pince monseigneur de 10",
      "unite": "u",
      "prix_unitaire": null,
      "categorie": "Petit matériel",
      "fournisseur": null
    },
    {
      "materiau_id": 42,
      "code_materiau": "TRP-PT-42",
      "nom_materiau": "Pince monseigneur de 12",
      "unite": "u",
      "prix_unitaire": null,
      "categorie": "Petit matériel",
      "fournisseur": null
    },
    {
      "materiau_id": 43,
      "code_materiau": "TRP-PT-43",
      "nom_materiau": "Pince monseigneur de 14",
      "unite": "u",
      "prix_unitaire": 35000.0,
      "categorie": "Petit matériel",
      "fournisseur": null
    },
    {
      "materiau_id": 44,
      "code_materiau": "TRP-PT-44",
      "nom_materiau": "Pince monseigneur de 16",
      "unite": "u",
      "prix_unitaire": null,
      "categorie": "Petit matériel",
      "fournisseur": null
    },
    {
      "materiau_id": 45,
      "code_materiau": "TRP-PT-45",
      "nom_materiau": "Pince monseigneur de 6",
      "unite": "u",
      "prix_unitaire": null,
      "categorie": "Petit matériel",
      "fournisseur": null
    },
    {
      "materiau_id": 46,
      "code_materiau": "TRP-PT-46",
      "nom_materiau": "Pince monseigneur de 8",
      "unite": "u",
      "prix_unitaire": null,
      "categorie": "Petit matériel",
      "fournisseur": null
    },
    {
      "materiau_id": 47,
      "code_materiau": "TRP-PT-47",
      "nom_materiau": "Pinceau",
      "unite": "u",
      "prix_unitaire": null,
      "categorie": "Petit matériel",
      "fournisseur": null
    },
    {
      "materiau_id": 48,
      "code_materiau": "TRP-PT-48",
      "nom_materiau": "Pioche",
      "unite": "u",
      "prix_unitaire": 2500.0,
      "categorie": "Petit matériel",
      "fournisseur": null
    },
    {
      "materiau_id": 49,
      "code_materiau": "TRP-PT-49",
      "nom_materiau": "Plomb d'axe",
      "unite": "u",
      "prix_unitaire": 5000.0,
      "categorie": "Petit matériel",
      "fournisseur": null
    },
    {
      "materiau_id": 50,
      "code_materiau": "TRP-PT-50",
      "nom_materiau": "Poinçon",
      "unite": "u",
      "prix_unitaire": 1000.0,
      "categorie": "Petit matériel",
      "fournisseur": null
    },
    {
      "materiau_id": 51,
      "code_materiau": "TRP-PT-51",
      "nom_materiau": "Porte-cadenas",
      "unite": "u",
      "prix_unitaire": 1000.0,
      "categorie": "Petit matériel",
      "fournisseur": null
    },
    {
      "materiau_id": 52,
      "code_materiau": "TRP-PT-52",
      "nom_materiau": "Poulie",
      "unite": "u",
      "prix_unitaire": null,
      "categorie": "Petit matériel",
      "fournisseur": null
    },
    {
      "materiau_id": 53,
      "code_materiau": "TRP-PT-53",
      "nom_materiau": "Règle métallique de 3m",
      "unite": "u",
      "prix_unitaire": 9000.0,
      "categorie": "Petit matériel",
      "fournisseur": null
    },
    {
      "materiau_id": 54,
      "code_materiau": "TRP-PT-54",
      "nom_materiau": "Règle métallique de 5m",
      "unite": "u",
      "prix_unitaire": null,
      "categorie": "Petit matériel",
      "fournisseur": null
    },
    {
      "materiau_id": 55,
      "code_materiau": "TRP-PT-55",
      "nom_materiau": "Scie à bois",
      "unite": "u",
      "prix_unitaire": 2500.0,
      "categorie": "Petit matériel",
      "fournisseur": null
    },
    {
      "materiau_id": 56,
      "code_materiau": "TRP-PT-56",
      "nom_materiau": "Scie à métaux",
      "unite": "u",
      "prix_unitaire": 2500.0,
      "categorie": "Petit matériel",
      "fournisseur": null
    },
    {
      "materiau_id": 57,
      "code_materiau": "TRP-PT-57",
      "nom_materiau": "Scotch",
      "unite": "u",
      "prix_unitaire": null,
      "categorie": "Petit matériel",
      "fournisseur": null
    },
    {
      "materiau_id": 58,
      "code_materiau": "TRP-PT-58",
      "nom_materiau": "Seau maçon",
      "unite": "u",
      "prix_unitaire": 800.0,
      "categorie": "Petit matériel",
      "fournisseur": null
    },
    {
      "materiau_id": 59,
      "code_materiau": "TRP-PT-59",
      "nom_materiau": "Serre-joints",
      "unite": "u",
      "prix_unitaire": null,
      "categorie": "Petit matériel",
      "fournisseur": null
    },
    {
      "materiau_id": 60,
      "code_materiau": "TRP-PT-60",
      "nom_materiau": "Taloche",
      "unite": "u",
      "prix_unitaire": null,
      "categorie": "Petit matériel",
      "fournisseur": null
    },
    {
      "materiau_id": 61,
      "code_materiau": "TRP-PT-61",
      "nom_materiau": "Tamis",
      "unite": "ml",
      "prix_unitaire": null,
      "categorie": "Petit matériel",
      "fournisseur": null
    },
    {
      "materiau_id": 62,
      "code_materiau": "TRP-PT-62",
      "nom_materiau": "Tenaille",
      "unite": "u",
      "prix_unitaire": 1000.0,
      "categorie": "Petit matériel",
      "fournisseur": null
    },
    {
      "materiau_id": 63,
      "code_materiau": "TRP-PT-63",
      "nom_materiau": "Tête de puits",
      "unite": "u",
      "prix_unitaire": null,
      "categorie": "Petit matériel",
      "fournisseur": null
    },
    {
      "materiau_id": 64,
      "code_materiau": "TRP-PT-64",
      "nom_materiau": "Truelle",
      "unite": "u",
      "prix_unitaire": 1000.0,
      "categorie": "Petit matériel",
      "fournisseur": null
    },
    {
      "materiau_id": 65,
      "code_materiau": "TRP-PT-65",
      "nom_materiau": "Tuyau d'arrosage de 20m",
      "unite": "u",
      "prix_unitaire": 22000.0,
      "categorie": "Petit matériel",
      "fournisseur": null
    },
    {
      "materiau_id": 66,
      "code_materiau": "TRP-BRICKS-01",
      "nom_materiau": "Agglos de 10",
      "unite": "u",
      "prix_unitaire": 201.0,
      "categorie": "Gros-Oeuvre",
      "fournisseur": null
    },
    {
      "materiau_id": 67,
      "code_materiau": "TRP-BRICKS-02",
      "nom_materiau": "Agglos de 12",
      "unite": "u",
      "prix_unitaire": 233.0,
      "categorie": "Gros-Oeuvre",
      "fournisseur": null
    },
    {
      "materiau_id": 68,
      "code_materiau": "TRP-BRICKS-03",
      "nom_materiau": "Agglos de 15",
      "unite": "u",
      "prix_unitaire": 300.0,
      "categorie": "Gros-Oeuvre",
      "fournisseur": null
    },
    {
      "materiau_id": 69,
      "code_materiau": "TRP-BRICKS-04",
      "nom_materiau": "Agglos de 20",
      "unite": "u",
      "prix_unitaire": 400.0,
      "categorie": "Gros-Oeuvre",
      "fournisseur": null
    },
    {
      "materiau_id": 70,
      "code_materiau": "TRP-BRICKS-04",
      "nom_materiau": "Briques de terre",
      "unite": "u",
      "prix_unitaire": 250.0,
      "categorie": "Gros-Oeuvre",
      "fournisseur": null
    },
    {
      "materiau_id": 71,
      "code_materiau": null,
      "nom_materiau": "Bastaing de 4x12",
      "unite": "u",
      "prix_unitaire": 3200.0,
      "categorie": "Gros-Oeuvre",
      "fournisseur": null
    },
    {
      "materiau_id": 72,
      "code_materiau": null,
      "nom_materiau": "Chevrons",
      "unite": "u",
      "prix_unitaire": 2600.0,
      "categorie": "Gros-Oeuvre",
      "fournisseur": null
    },
    {
      "materiau_id": 73,
      "code_materiau": null,
      "nom_materiau": "Ciment colle",
      "unite": "sac de 25kg",
      "prix_unitaire": 2200.0,
      "categorie": "Gros-Oeuvre",
      "fournisseur": null
    },
    {
      "materiau_id": 74,
      "code_materiau": null,
      "nom_materiau": "Ciment hydro",
      "unite": "sac de 50kg",
      "prix_unitaire": 6750.0,
      "categorie": "Gros-Oeuvre",
      "fournisseur": null
    },
    {
      "materiau_id": 75,
      "code_materiau": null,
      "nom_materiau": "Ciment ordinaire 32.5",
      "unite": "sac de 50kg",
      "prix_unitaire": 4250.0,
      "categorie": "Gros-Oeuvre",
      "fournisseur": null
    },
    {
      "materiau_id": 76,
      "code_materiau": null,
      "nom_materiau": "Ciment ordinaire 42.5",
      "unite": "sac de 50kg",
      "prix_unitaire": 4850.0,
      "categorie": "Gros-Oeuvre",
      "fournisseur": null
    },
    {
      "materiau_id": 77,
      "code_materiau": null,
      "nom_materiau": "Contreplaqué de 16mm",
      "unite": "u",
      "prix_unitaire": null,
      "categorie": "Gros-Oeuvre",
      "fournisseur": null
    },
    {
      "materiau_id": 78,
      "code_materiau": null,
      "nom_materiau": "Contreplaqué de 4mm",
      "unite": "u",
      "prix_unitaire": 3500.0,
      "categorie": "Gros-Oeuvre",
      "fournisseur": null
    },
    {
      "materiau_id": 79,
      "code_materiau": null,
      "nom_materiau": "Contreplaqué de 8mm",
      "unite": "u",
      "prix_unitaire": 7000.0,
      "categorie": "Gros-Oeuvre",
      "fournisseur": null
    },
    {
      "materiau_id": 80,
      "code_materiau": null,
      "nom_materiau": "Faitière 4m",
      "unite": "u",
      "prix_unitaire": null,
      "categorie": "Gros-Oeuvre",
      "fournisseur": null
    },
    {
      "materiau_id": 81,
      "code_materiau": null,
      "nom_materiau": "Faitière 3m",
      "unite": "u",
      "prix_unitaire": 2400.0,
      "categorie": "Gros-Oeuvre",
      "fournisseur": null
    },
    {
      "materiau_id": 82,
      "code_materiau": null,
      "nom_materiau": "Fil d'attache",
      "unite": "rlx",
      "prix_unitaire": 600.0,
      "categorie": "Gros-Oeuvre",
      "fournisseur": null
    },
    {
      "materiau_id": 83,
      "code_materiau": null,
      "nom_materiau": "Fixation complète",
      "unite": "u",
      "prix_unitaire": 150.0,
      "categorie": "Gros-Oeuvre",
      "fournisseur": null
    },
    {
      "materiau_id": 84,
      "code_materiau": null,
      "nom_materiau": "Flash bande de 15cm",
      "unite": "u",
      "prix_unitaire": 7000.0,
      "categorie": "Gros-Oeuvre",
      "fournisseur": null
    },
    {
      "materiau_id": 85,
      "code_materiau": null,
      "nom_materiau": "Fond de 10",
      "unite": "u",
      "prix_unitaire": 2250.0,
      "categorie": "Gros-Oeuvre",
      "fournisseur": null
    },
    {
      "materiau_id": 86,
      "code_materiau": null,
      "nom_materiau": "Fond de 15",
      "unite": "u",
      "prix_unitaire": 5300.0,
      "categorie": "Gros-Oeuvre",
      "fournisseur": null
    },
    {
      "materiau_id": 87,
      "code_materiau": null,
      "nom_materiau": "Fond de 16.5",
      "unite": "u",
      "prix_unitaire": 5300.0,
      "categorie": "Gros-Oeuvre",
      "fournisseur": null
    },
    {
      "materiau_id": 88,
      "code_materiau": null,
      "nom_materiau": "Fond de 17",
      "unite": "u",
      "prix_unitaire": 5300.0,
      "categorie": "Gros-Oeuvre",
      "fournisseur": null
    },
    {
      "materiau_id": 89,
      "code_materiau": null,
      "nom_materiau": "Fond de 17.5",
      "unite": "u",
      "prix_unitaire": 5300.0,
      "categorie": "Gros-Oeuvre",
      "fournisseur": null
    },
    {
      "materiau_id": 90,
      "code_materiau": null,
      "nom_materiau": "Fond de 18",
      "unite": "u",
      "prix_unitaire": 5300.0,
      "categorie": "Gros-Oeuvre",
      "fournisseur": null
    },
    {
      "materiau_id": 91,
      "code_materiau": null,
      "nom_materiau": "Fond de 20",
      "unite": "u",
      "prix_unitaire": 5300.0,
      "categorie": "Gros-Oeuvre",
      "fournisseur": null
    },
    {
      "materiau_id": 92,
      "code_materiau": null,
      "nom_materiau": "HA 8",
      "unite": "barre",
      "prix_unitaire": 2758.0,
      "categorie": "Gros-Oeuvre",
      "fournisseur": null
    },
    {
      "materiau_id": 93,
      "code_materiau": null,
      "nom_materiau": "HA 10",
      "unite": "barre",
      "prix_unitaire": 4237.0,
      "categorie": "Gros-Oeuvre",
      "fournisseur": null
    },
    {
      "materiau_id": 94,
      "code_materiau": null,
      "nom_materiau": "HA 12",
      "unite": "barre",
      "prix_unitaire": 6085.0,
      "categorie": "Gros-Oeuvre",
      "fournisseur": null
    },
    {
      "materiau_id": 95,
      "code_materiau": null,
      "nom_materiau": "HA 14",
      "unite": "barre",
      "prix_unitaire": 8906.0,
      "categorie": "Gros-Oeuvre",
      "fournisseur": null
    },
    {
      "materiau_id": 96,
      "code_materiau": null,
      "nom_materiau": "HA 16",
      "unite": "barre",
      "prix_unitaire": 10500.0,
      "categorie": "Gros-Oeuvre",
      "fournisseur": null
    },
    {
      "materiau_id": 97,
      "code_materiau": null,
      "nom_materiau": "RL 6",
      "unite": "barre",
      "prix_unitaire": 1500.0,
      "categorie": "Gros-Oeuvre",
      "fournisseur": null
    },
    {
      "materiau_id": 98,
      "code_materiau": null,
      "nom_materiau": "Gorge",
      "unite": "u",
      "prix_unitaire": null,
      "categorie": "Gros-Oeuvre",
      "fournisseur": null
    },
    {
      "materiau_id": 99,
      "code_materiau": null,
      "nom_materiau": "Gouttière",
      "unite": "ml",
      "prix_unitaire": null,
      "categorie": "Gros-Oeuvre",
      "fournisseur": null
    },
    {
      "materiau_id": 100,
      "code_materiau": null,
      "nom_materiau": "Gravier 15/25",
      "unite": "Tonnes",
      "prix_unitaire": 15000.0,
      "categorie": "Gros-Oeuvre",
      "fournisseur": null
    },
    {
      "materiau_id": 101,
      "code_materiau": null,
      "nom_materiau": "Gravier 5/15",
      "unite": "Tonnes",
      "prix_unitaire": 15000.0,
      "categorie": "Gros-Oeuvre",
      "fournisseur": null
    },
    {
      "materiau_id": 102,
      "code_materiau": null,
      "nom_materiau": "Moellon",
      "unite": "Tonnes",
      "prix_unitaire": 13000.0,
      "categorie": "Gros-Oeuvre",
      "fournisseur": null
    },
    {
      "materiau_id": 103,
      "code_materiau": "TRP-BRICKS-04",
      "nom_materiau": "Hourdis",
      "unite": "u",
      "prix_unitaire": 400.0,
      "categorie": "Gros-Oeuvre",
      "fournisseur": null
    },
    {
      "materiau_id": 104,
      "code_materiau": null,
      "nom_materiau": "Lattes",
      "unite": "u",
      "prix_unitaire": 1300.0,
      "categorie": "Gros-Oeuvre",
      "fournisseur": null
    },
    {
      "materiau_id": 105,
      "code_materiau": null,
      "nom_materiau": "Lattes de 4x6",
      "unite": "u",
      "prix_unitaire": 2400.0,
      "categorie": "Gros-Oeuvre",
      "fournisseur": null
    },
    {
      "materiau_id": 106,
      "code_materiau": null,
      "nom_materiau": "Lattes de 5x8",
      "unite": "u",
      "prix_unitaire": 2400.0,
      "categorie": "Gros-Oeuvre",
      "fournisseur": null
    },
    {
      "materiau_id": 107,
      "code_materiau": null,
      "nom_materiau": "Ligne de noue 3m",
      "unite": "u",
      "prix_unitaire": null,
      "categorie": "Gros-Oeuvre",
      "fournisseur": null
    },
    {
      "materiau_id": 108,
      "code_materiau": null,
      "nom_materiau": "Ligne de noue 4m",
      "unite": "u",
      "prix_unitaire": null,
      "categorie": "Gros-Oeuvre",
      "fournisseur": null
    },
    {
      "materiau_id": 109,
      "code_materiau": null,
      "nom_materiau": "Masticon",
      "unite": "u",
      "prix_unitaire": null,
      "categorie": "Gros-Oeuvre",
      "fournisseur": null
    },
    {
      "materiau_id": 110,
      "code_materiau": null,
      "nom_materiau": "Piquets",
      "unite": "u",
      "prix_unitaire": 375.0,
      "categorie": "Gros-Oeuvre",
      "fournisseur": null
    },
    {
      "materiau_id": 111,
      "code_materiau": null,
      "nom_materiau": "Planches",
      "unite": "u",
      "prix_unitaire": 4800.0,
      "categorie": "Gros-Oeuvre",
      "fournisseur": null
    },
    {
      "materiau_id": 112,
      "code_materiau": null,
      "nom_materiau": "Planches rabotées",
      "unite": "u",
      "prix_unitaire": 5300.0,
      "categorie": "Gros-Oeuvre",
      "fournisseur": null
    },
    {
      "materiau_id": 113,
      "code_materiau": null,
      "nom_materiau": "Pointes à tôles",
      "unite": "pqt",
      "prix_unitaire": null,
      "categorie": "Gros-Oeuvre",
      "fournisseur": null
    },
    {
      "materiau_id": 114,
      "code_materiau": null,
      "nom_materiau": "Pointes ordinaires de 100",
      "unite": "pqt",
      "prix_unitaire": 5000.0,
      "categorie": "Gros-Oeuvre",
      "fournisseur": null
    },
    {
      "materiau_id": 115,
      "code_materiau": null,
      "nom_materiau": "Pointes ordinaires de 30",
      "unite": "pqt",
      "prix_unitaire": 5000.0,
      "categorie": "Gros-Oeuvre",
      "fournisseur": null
    },
    {
      "materiau_id": 116,
      "code_materiau": null,
      "nom_materiau": "Pointes ordinaires de 40",
      "unite": "pqt",
      "prix_unitaire": 4500.0,
      "categorie": "Gros-Oeuvre",
      "fournisseur": null
    },
    {
      "materiau_id": 117,
      "code_materiau": null,
      "nom_materiau": "Pointes ordinaires de 50",
      "unite": "pqt",
      "prix_unitaire": null,
      "categorie": "Gros-Oeuvre",
      "fournisseur": null
    },
    {
      "materiau_id": 118,
      "code_materiau": null,
      "nom_materiau": "Pointes ordinaires de 60",
      "unite": "pqt",
      "prix_unitaire": 4200.0,
      "categorie": "Gros-Oeuvre",
      "fournisseur": null
    },
    {
      "materiau_id": 119,
      "code_materiau": null,
      "nom_materiau": "Pointes ordinaires de 70",
      "unite": "pqt",
      "prix_unitaire": 4200.0,
      "categorie": "Gros-Oeuvre",
      "fournisseur": null
    },
    {
      "materiau_id": 120,
      "code_materiau": null,
      "nom_materiau": "Pointes ordinaires de 80",
      "unite": "pqt",
      "prix_unitaire": 4200.0,
      "categorie": "Gros-Oeuvre",
      "fournisseur": null
    },
    {
      "materiau_id": 121,
      "code_materiau": null,
      "nom_materiau": "Pointes ordinaires de 90",
      "unite": "pqt",
      "prix_unitaire": 4200.0,
      "categorie": "Gros-Oeuvre",
      "fournisseur": null
    },
    {
      "materiau_id": 122,
      "code_materiau": null,
      "nom_materiau": "Pointes toc de 60",
      "unite": "pqt",
      "prix_unitaire": 1000.0,
      "categorie": "Gros-Oeuvre",
      "fournisseur": null
    },
    {
      "materiau_id": 123,
      "code_materiau": null,
      "nom_materiau": "Pointes toc de 70",
      "unite": "pqt",
      "prix_unitaire": 1200.0,
      "categorie": "Gros-Oeuvre",
      "fournisseur": null
    },
    {
      "materiau_id": 124,
      "code_materiau": null,
      "nom_materiau": "Pointes toc de 80",
      "unite": "pqt",
      "prix_unitaire": 1000.0,
      "categorie": "Gros-Oeuvre",
      "fournisseur": null
    },
    {
      "materiau_id": 125,
      "code_materiau": null,
      "nom_materiau": "Pointes toc de 90",
      "unite": "pqt",
      "prix_unitaire": 1000.0,
      "categorie": "Gros-Oeuvre",
      "fournisseur": null
    },
    {
      "materiau_id": 126,
      "code_materiau": null,
      "nom_materiau": "Pointes torsadées",
      "unite": "pqt",
      "prix_unitaire": 3500.0,
      "categorie": "Gros-Oeuvre",
      "fournisseur": null
    },
    {
      "materiau_id": 127,
      "code_materiau": null,
      "nom_materiau": "Polystirène",
      "unite": "u",
      "prix_unitaire": null,
      "categorie": "Gros-Oeuvre",
      "fournisseur": null
    },
    {
      "materiau_id": 128,
      "code_materiau": null,
      "nom_materiau": "Pozzulane",
      "unite": "camion",
      "prix_unitaire": null,
      "categorie": "Gros-Oeuvre",
      "fournisseur": null
    },
    {
      "materiau_id": 129,
      "code_materiau": null,
      "nom_materiau": "Raccord en y",
      "unite": "u",
      "prix_unitaire": null,
      "categorie": "Gros-Oeuvre",
      "fournisseur": null
    },
    {
      "materiau_id": 130,
      "code_materiau": null,
      "nom_materiau": "Règle de 3.5",
      "unite": "u",
      "prix_unitaire": null,
      "categorie": "Gros-Oeuvre",
      "fournisseur": null
    },
    {
      "materiau_id": 131,
      "code_materiau": null,
      "nom_materiau": "Règle de 5",
      "unite": "u",
      "prix_unitaire": null,
      "categorie": "Gros-Oeuvre",
      "fournisseur": null
    },
    {
      "materiau_id": 132,
      "code_materiau": null,
      "nom_materiau": "Règle de 8",
      "unite": "u",
      "prix_unitaire": null,
      "categorie": "Gros-Oeuvre",
      "fournisseur": null
    },
    {
      "materiau_id": 133,
      "code_materiau": null,
      "nom_materiau": "Remblai de terre",
      "unite": "camion",
      "prix_unitaire": 30000.0,
      "categorie": "Gros-Oeuvre",
      "fournisseur": null
    },
    {
      "materiau_id": 134,
      "code_materiau": null,
      "nom_materiau": "Rivet",
      "unite": "u",
      "prix_unitaire": null,
      "categorie": "Gros-Oeuvre",
      "fournisseur": null
    },
    {
      "materiau_id": 135,
      "code_materiau": null,
      "nom_materiau": "Tire-fond",
      "unite": "u",
      "prix_unitaire": null,
      "categorie": "Gros-Oeuvre",
      "fournisseur": null
    },
    {
      "materiau_id": 136,
      "code_materiau": null,
      "nom_materiau": "Sable carrière",
      "unite": "tonnes",
      "prix_unitaire": null,
      "categorie": "Gros-Oeuvre",
      "fournisseur": null
    },
    {
      "materiau_id": 137,
      "code_materiau": null,
      "nom_materiau": "Sable fin",
      "unite": "tonnes",
      "prix_unitaire": 5500.0,
      "categorie": "Gros-Oeuvre",
      "fournisseur": null
    },
    {
      "materiau_id": 138,
      "code_materiau": null,
      "nom_materiau": "Sable grossier",
      "unite": "tonnes",
      "prix_unitaire": 5500.0,
      "categorie": "Gros-Oeuvre",
      "fournisseur": null
    },
    {
      "materiau_id": 139,
      "code_materiau": null,
      "nom_materiau": "Sable rigole",
      "unite": "camion",
      "prix_unitaire": null,
      "categorie": "Gros-Oeuvre",
      "fournisseur": null
    },
    {
      "materiau_id": 140,
      "code_materiau": null,
      "nom_materiau": "Tôle bac 5/10",
      "unite": "ml",
      "prix_unitaire": 5600.0,
      "categorie": "Gros-Oeuvre",
      "fournisseur": null
    },
    {
      "materiau_id": 141,
      "code_materiau": null,
      "nom_materiau": "Tôle bac 6/10",
      "unite": "ml",
      "prix_unitaire": 4675.0,
      "categorie": "Gros-Oeuvre",
      "fournisseur": null
    },
    {
      "materiau_id": 142,
      "code_materiau": null,
      "nom_materiau": "Tôle faitières de 3m",
      "unite": "u",
      "prix_unitaire": null,
      "categorie": "Gros-Oeuvre",
      "fournisseur": null
    },
    {
      "materiau_id": 143,
      "code_materiau": null,
      "nom_materiau": "Tôle faitières de 4m",
      "unite": "u",
      "prix_unitaire": null,
      "categorie": "Gros-Oeuvre",
      "fournisseur": null
    },
    {
      "materiau_id": 144,
      "code_materiau": null,
      "nom_materiau": "Tôle lisses",
      "unite": "ml",
      "prix_unitaire": null,
      "categorie": "Gros-Oeuvre",
      "fournisseur": null
    },
    {
      "materiau_id": 145,
      "code_materiau": null,
      "nom_materiau": "Tôle ondulée en plastique de 2m",
      "unite": "u",
      "prix_unitaire": 2500.0,
      "categorie": "Gros-Oeuvre",
      "fournisseur": null
    },
    {
      "materiau_id": 146,
      "code_materiau": null,
      "nom_materiau": "Tôle ondulée en plastique de 3m",
      "unite": "u",
      "prix_unitaire": null,
      "categorie": "Gros-Oeuvre",
      "fournisseur": null
    },
    {
      "materiau_id": 147,
      "code_materiau": null,
      "nom_materiau": "Tôle ondulée en alu de 3m",
      "unite": "u",
      "prix_unitaire": 6000.0,
      "categorie": "Gros-Oeuvre",
      "fournisseur": null
    },
    {
      "materiau_id": 148,
      "code_materiau": null,
      "nom_materiau": "Tôle ondulée en alu de 4m",
      "unite": "u",
      "prix_unitaire": null,
      "categorie": "Gros-Oeuvre",
      "fournisseur": null
    },
    {
      "materiau_id": 149,
      "code_materiau": null,
      "nom_materiau": "Aquadere de 25litre",
      "unite": "seau",
      "prix_unitaire": 85000.0,
      "categorie": "Etanchéité",
      "fournisseur": null
    },
    {
      "materiau_id": 150,
      "code_materiau": null,
      "nom_materiau": "Bitume en pain de 14kg",
      "unite": "seau",
      "prix_unitaire": 26600.0,
      "categorie": "Etanchéité",
      "fournisseur": null
    },
    {
      "materiau_id": 151,
      "code_materiau": null,
      "nom_materiau": "Film polyane",
      "unite": "m²",
      "prix_unitaire": 400.0,
      "categorie": "Etanchéité",
      "fournisseur": null
    },
    {
      "materiau_id": 152,
      "code_materiau": null,
      "nom_materiau": "Flinkote",
      "unite": "litre",
      "prix_unitaire": null,
      "categorie": "Etanchéité",
      "fournisseur": null
    },
    {
      "materiau_id": 153,
      "code_materiau": null,
      "nom_materiau": "Paxalu",
      "unite": "rlx",
      "prix_unitaire": 36000.0,
      "categorie": "Etanchéité",
      "fournisseur": null
    },
    {
      "materiau_id": 154,
      "code_materiau": null,
      "nom_materiau": "Toiturol",
      "unite": "bt",
      "prix_unitaire": 6500.0,
      "categorie": "Etanchéité",
      "fournisseur": null
    },
    {
      "materiau_id": 155,
      "code_materiau": null,
      "nom_materiau": "Zum",
      "unite": "sac",
      "prix_unitaire": 17000.0,
      "categorie": "Etanchéité",
      "fournisseur": null
    },
    {
      "materiau_id": 156,
      "code_materiau": null,
      "nom_materiau": "Asperseur DN20",
      "unite": "u",
      "prix_unitaire": null,
      "categorie": "Plomberie",
      "fournisseur": null
    },
    {
      "materiau_id": 157,
      "code_materiau": null,
      "nom_materiau": "Asperseur DN25",
      "unite": "u",
      "prix_unitaire": null,
      "categorie": "Plomberie",
      "fournisseur": null
    },
    {
      "materiau_id": 158,
      "code_materiau": null,
      "nom_materiau": "Asperseur DN32",
      "unite": "u",
      "prix_unitaire": null,
      "categorie": "Plomberie",
      "fournisseur": null
    },
    {
      "materiau_id": 159,
      "code_materiau": null,
      "nom_materiau": "WC complet",
      "unite": "u",
      "prix_unitaire": 45000.0,
      "categorie": "Plomberie",
      "fournisseur": null
    },
    {
      "materiau_id": 160,
      "code_materiau": null,
      "nom_materiau": "Lavabo complet",
      "unite": "u",
      "prix_unitaire": 35000.0,
      "categorie": "Plomberie",
      "fournisseur": null
    },
    {
      "materiau_id": 161,
      "code_materiau": null,
      "nom_materiau": "Colonne de douche",
      "unite": "u",
      "prix_unitaire": 50000.0,
      "categorie": "Plomberie",
      "fournisseur": null
    },
    {
      "materiau_id": 162,
      "code_materiau": null,
      "nom_materiau": "Baignoire",
      "unite": "u",
      "prix_unitaire": 150000.0,
      "categorie": "Plomberie",
      "fournisseur": null
    },
    {
      "materiau_id": 163,
      "code_materiau": null,
      "nom_materiau": "Porte Savon",
      "unite": "u",
      "prix_unitaire": 5000.0,
      "categorie": "Plomberie",
      "fournisseur": null
    },
    {
      "materiau_id": 164,
      "code_materiau": null,
      "nom_materiau": "Porte papier hygiénique",
      "unite": "u",
      "prix_unitaire": 5000.0,
      "categorie": "Plomberie",
      "fournisseur": null
    },
    {
      "materiau_id": 165,
      "code_materiau": null,
      "nom_materiau": "Porte serviette",
      "unite": "u",
      "prix_unitaire": 5000.0,
      "categorie": "Plomberie",
      "fournisseur": null
    },
    {
      "materiau_id": 166,
      "code_materiau": null,
      "nom_materiau": "Siphon de sol",
      "unite": "u",
      "prix_unitaire": 2000.0,
      "categorie": "Plomberie",
      "fournisseur": null
    },
    {
      "materiau_id": 167,
      "code_materiau": null,
      "nom_materiau": "Miroir",
      "unite": "u",
      "prix_unitaire": 10000.0,
      "categorie": "Plomberie",
      "fournisseur": null
    },
    {
      "materiau_id": 168,
      "code_materiau": null,
      "nom_materiau": "Bouchon plastique",
      "unite": "u",
      "prix_unitaire": null,
      "categorie": "Plomberie",
      "fournisseur": null
    },
    {
      "materiau_id": 169,
      "code_materiau": null,
      "nom_materiau": "Bouchon plastique DN1/2F",
      "unite": "u",
      "prix_unitaire": null,
      "categorie": "Plomberie",
      "fournisseur": null
    },
    {
      "materiau_id": 170,
      "code_materiau": null,
      "nom_materiau": "Bouchon plastique DN1/2M",
      "unite": "u",
      "prix_unitaire": null,
      "categorie": "Plomberie",
      "fournisseur": null
    },
    {
      "materiau_id": 171,
      "code_materiau": null,
      "nom_materiau": "Bouchon pour nourrice F",
      "unite": "u",
      "prix_unitaire": null,
      "categorie": "Plomberie",
      "fournisseur": null
    },
    {
      "materiau_id": 172,
      "code_materiau": null,
      "nom_materiau": "Bouchon pour nourrice M",
      "unite": "u",
      "prix_unitaire": null,
      "categorie": "Plomberie",
      "fournisseur": null
    },
    {
      "materiau_id": 173,
      "code_materiau": null,
      "nom_materiau": "Bouchon pression DN15 M",
      "unite": "u",
      "prix_unitaire": null,
      "categorie": "Plomberie",
      "fournisseur": null
    },
    {
      "materiau_id": 174,
      "code_materiau": null,
      "nom_materiau": "Bouchon pression DN32",
      "unite": "u",
      "prix_unitaire": null,
      "categorie": "Plomberie",
      "fournisseur": null
    },
    {
      "materiau_id": 175,
      "code_materiau": null,
      "nom_materiau": "Bouchon PVC DN100",
      "unite": "u",
      "prix_unitaire": null,
      "categorie": "Plomberie",
      "fournisseur": null
    },
    {
      "materiau_id": 176,
      "code_materiau": null,
      "nom_materiau": "Bouchon PVC DN110",
      "unite": "u",
      "prix_unitaire": null,
      "categorie": "Plomberie",
      "fournisseur": null
    },
    {
      "materiau_id": 177,
      "code_materiau": null,
      "nom_materiau": "Bouchon PVC DN63",
      "unite": "u",
      "prix_unitaire": null,
      "categorie": "Plomberie",
      "fournisseur": null
    },
    {
      "materiau_id": 178,
      "code_materiau": null,
      "nom_materiau": "Camping gaz",
      "unite": "u",
      "prix_unitaire": null,
      "categorie": "Plomberie",
      "fournisseur": null
    },
    {
      "materiau_id": 179,
      "code_materiau": null,
      "nom_materiau": "Cheville DN10",
      "unite": "pqt",
      "prix_unitaire": null,
      "categorie": "Plomberie",
      "fournisseur": null
    },
    {
      "materiau_id": 180,
      "code_materiau": null,
      "nom_materiau": "Clapet anti-retour DN32",
      "unite": "u",
      "prix_unitaire": null,
      "categorie": "Plomberie",
      "fournisseur": null
    },
    {
      "materiau_id": 181,
      "code_materiau": null,
      "nom_materiau": "Coffret 3 modules",
      "unite": "u",
      "prix_unitaire": null,
      "categorie": "Plomberie",
      "fournisseur": null
    },
    {
      "materiau_id": 182,
      "code_materiau": null,
      "nom_materiau": "Coffret sanitaire",
      "unite": "u",
      "prix_unitaire": null,
      "categorie": "Plomberie",
      "fournisseur": null
    },
    {
      "materiau_id": 183,
      "code_materiau": null,
      "nom_materiau": "Colier Atlas DN25",
      "unite": "u",
      "prix_unitaire": null,
      "categorie": "Plomberie",
      "fournisseur": null
    },
    {
      "materiau_id": 184,
      "code_materiau": null,
      "nom_materiau": "Colier Atlas de DN32",
      "unite": "u",
      "prix_unitaire": null,
      "categorie": "Plomberie",
      "fournisseur": null
    },
    {
      "materiau_id": 185,
      "code_materiau": null,
      "nom_materiau": "Colle gymcolle",
      "unite": "u",
      "prix_unitaire": null,
      "categorie": "Plomberie",
      "fournisseur": null
    },
    {
      "materiau_id": 186,
      "code_materiau": null,
      "nom_materiau": "Collier alu + joint DN100",
      "unite": "u",
      "prix_unitaire": null,
      "categorie": "Plomberie",
      "fournisseur": null
    },
    {
      "materiau_id": 187,
      "code_materiau": null,
      "nom_materiau": "Collier alu + joint DN110",
      "unite": "u",
      "prix_unitaire": null,
      "categorie": "Plomberie",
      "fournisseur": null
    },
    {
      "materiau_id": 188,
      "code_materiau": null,
      "nom_materiau": "Collier alu DN63",
      "unite": "u",
      "prix_unitaire": null,
      "categorie": "Plomberie",
      "fournisseur": null
    },
    {
      "materiau_id": 189,
      "code_materiau": null,
      "nom_materiau": "Coude alu DN16",
      "unite": "u",
      "prix_unitaire": null,
      "categorie": "Plomberie",
      "fournisseur": null
    },
    {
      "materiau_id": 190,
      "code_materiau": null,
      "nom_materiau": "Coude compression DN16x1/2F",
      "unite": "u",
      "prix_unitaire": null,
      "categorie": "Plomberie",
      "fournisseur": null
    },
    {
      "materiau_id": 191,
      "code_materiau": null,
      "nom_materiau": "Coude compression DN16x1/2M",
      "unite": "u",
      "prix_unitaire": null,
      "categorie": "Plomberie",
      "fournisseur": null
    },
    {
      "materiau_id": 192,
      "code_materiau": null,
      "nom_materiau": "Coude compression DN20x20",
      "unite": "u",
      "prix_unitaire": null,
      "categorie": "Plomberie",
      "fournisseur": null
    },
    {
      "materiau_id": 193,
      "code_materiau": null,
      "nom_materiau": "Coude panaflex DN25x25",
      "unite": "u",
      "prix_unitaire": null,
      "categorie": "Plomberie",
      "fournisseur": null
    },
    {
      "materiau_id": 194,
      "code_materiau": null,
      "nom_materiau": "Coude pression DN32",
      "unite": "u",
      "prix_unitaire": null,
      "categorie": "Plomberie",
      "fournisseur": null
    },
    {
      "materiau_id": 195,
      "code_materiau": null,
      "nom_materiau": "Coude PVC de DN110 1/4",
      "unite": "u",
      "prix_unitaire": null,
      "categorie": "Plomberie",
      "fournisseur": null
    },
    {
      "materiau_id": 196,
      "code_materiau": null,
      "nom_materiau": "Coude PVC DN100 1/4",
      "unite": "u",
      "prix_unitaire": 1000.0,
      "categorie": "Plomberie",
      "fournisseur": null
    },
    {
      "materiau_id": 197,
      "code_materiau": null,
      "nom_materiau": "Coude PVC DN100 1/8",
      "unite": "u",
      "prix_unitaire": 1300.0,
      "categorie": "Plomberie",
      "fournisseur": null
    },
    {
      "materiau_id": 198,
      "code_materiau": null,
      "nom_materiau": "Coude PVC DN110 1/8",
      "unite": "u",
      "prix_unitaire": null,
      "categorie": "Plomberie",
      "fournisseur": null
    },
    {
      "materiau_id": 199,
      "code_materiau": null,
      "nom_materiau": "Coude PVC DN63 1/4",
      "unite": "u",
      "prix_unitaire": null,
      "categorie": "Plomberie",
      "fournisseur": null
    },
    {
      "materiau_id": 200,
      "code_materiau": null,
      "nom_materiau": "Coude PVC DN63 1/8",
      "unite": "u",
      "prix_unitaire": null,
      "categorie": "Plomberie",
      "fournisseur": null
    },
    {
      "materiau_id": 201,
      "code_materiau": null,
      "nom_materiau": "Crépine DN32",
      "unite": "u",
      "prix_unitaire": null,
      "categorie": "Plomberie",
      "fournisseur": null
    },
    {
      "materiau_id": 202,
      "code_materiau": null,
      "nom_materiau": "Cuivre alu de DN16",
      "unite": "ml",
      "prix_unitaire": 950.0,
      "categorie": "Plomberie",
      "fournisseur": null
    },
    {
      "materiau_id": 203,
      "code_materiau": null,
      "nom_materiau": "Embout alu de DN16",
      "unite": "u",
      "prix_unitaire": null,
      "categorie": "Plomberie",
      "fournisseur": null
    },
    {
      "materiau_id": 204,
      "code_materiau": null,
      "nom_materiau": "Embout compression DN16x1/2F",
      "unite": "u",
      "prix_unitaire": null,
      "categorie": "Plomberie",
      "fournisseur": null
    },
    {
      "materiau_id": 205,
      "code_materiau": null,
      "nom_materiau": "Embout compression DN16x1/2M",
      "unite": "u",
      "prix_unitaire": null,
      "categorie": "Plomberie",
      "fournisseur": null
    },
    {
      "materiau_id": 206,
      "code_materiau": null,
      "nom_materiau": "Embout compression DN20x3/4F",
      "unite": "u",
      "prix_unitaire": null,
      "categorie": "Plomberie",
      "fournisseur": null
    },
    {
      "materiau_id": 207,
      "code_materiau": null,
      "nom_materiau": "Embout filetté pression DN32",
      "unite": "u",
      "prix_unitaire": null,
      "categorie": "Plomberie",
      "fournisseur": null
    },
    {
      "materiau_id": 208,
      "code_materiau": null,
      "nom_materiau": "Embout panaflex DN32 M",
      "unite": "u",
      "prix_unitaire": null,
      "categorie": "Plomberie",
      "fournisseur": null
    },
    {
      "materiau_id": 209,
      "code_materiau": null,
      "nom_materiau": "Embout pression DN16x1/2F",
      "unite": "u",
      "prix_unitaire": null,
      "categorie": "Plomberie",
      "fournisseur": null
    },
    {
      "materiau_id": 210,
      "code_materiau": null,
      "nom_materiau": "Flexible MF 15",
      "unite": "u",
      "prix_unitaire": null,
      "categorie": "Plomberie",
      "fournisseur": null
    },
    {
      "materiau_id": 211,
      "code_materiau": null,
      "nom_materiau": "Flotteur électrique",
      "unite": "u",
      "prix_unitaire": null,
      "categorie": "Plomberie",
      "fournisseur": null
    },
    {
      "materiau_id": 212,
      "code_materiau": null,
      "nom_materiau": "Flotteur mécanqiue",
      "unite": "u",
      "prix_unitaire": null,
      "categorie": "Plomberie",
      "fournisseur": null
    },
    {
      "materiau_id": 213,
      "code_materiau": null,
      "nom_materiau": "Gaine annellée DN20 de 50m",
      "unite": "rlx",
      "prix_unitaire": null,
      "categorie": "Plomberie",
      "fournisseur": null
    },
    {
      "materiau_id": 214,
      "code_materiau": null,
      "nom_materiau": "Lame de scie sandflex",
      "unite": "u",
      "prix_unitaire": null,
      "categorie": "Plomberie",
      "fournisseur": null
    },
    {
      "materiau_id": 215,
      "code_materiau": null,
      "nom_materiau": "Mamelon 3/4",
      "unite": "u",
      "prix_unitaire": null,
      "categorie": "Plomberie",
      "fournisseur": null
    },
    {
      "materiau_id": 216,
      "code_materiau": null,
      "nom_materiau": "Mamelon laiton DN32",
      "unite": "u",
      "prix_unitaire": null,
      "categorie": "Plomberie",
      "fournisseur": null
    },
    {
      "materiau_id": 217,
      "code_materiau": null,
      "nom_materiau": "Manchon laiton DN16",
      "unite": "u",
      "prix_unitaire": null,
      "categorie": "Plomberie",
      "fournisseur": null
    },
    {
      "materiau_id": 218,
      "code_materiau": null,
      "nom_materiau": "Manchon laiton DN32",
      "unite": "u",
      "prix_unitaire": null,
      "categorie": "Plomberie",
      "fournisseur": null
    },
    {
      "materiau_id": 219,
      "code_materiau": null,
      "nom_materiau": "Nourrice d'alimentation 3 voies bleu",
      "unite": "u",
      "prix_unitaire": null,
      "categorie": "Plomberie",
      "fournisseur": null
    },
    {
      "materiau_id": 220,
      "code_materiau": null,
      "nom_materiau": "Nourrice d'alimentation 3 voies rouge",
      "unite": "u",
      "prix_unitaire": null,
      "categorie": "Plomberie",
      "fournisseur": null
    },
    {
      "materiau_id": 221,
      "code_materiau": null,
      "nom_materiau": "Nourrice d'alimentation 4 voies bleu",
      "unite": "u",
      "prix_unitaire": null,
      "categorie": "Plomberie",
      "fournisseur": null
    },
    {
      "materiau_id": 222,
      "code_materiau": null,
      "nom_materiau": "Nourrice d'alimentation 4 voies rouge",
      "unite": "u",
      "prix_unitaire": null,
      "categorie": "Plomberie",
      "fournisseur": null
    },
    {
      "materiau_id": 223,
      "code_materiau": null,
      "nom_materiau": "Nourrice d'alimentation 5 voies bleu",
      "unite": "u",
      "prix_unitaire": null,
      "categorie": "Plomberie",
      "fournisseur": null
    },
    {
      "materiau_id": 224,
      "code_materiau": null,
      "nom_materiau": "Nourrice d'alimentation 5 voies rouge",
      "unite": "u",
      "prix_unitaire": null,
      "categorie": "Plomberie",
      "fournisseur": null
    },
    {
      "materiau_id": 225,
      "code_materiau": null,
      "nom_materiau": "Nourrice d'alimentation 6 voies bleu",
      "unite": "u",
      "prix_unitaire": null,
      "categorie": "Plomberie",
      "fournisseur": null
    },
    {
      "materiau_id": 226,
      "code_materiau": null,
      "nom_materiau": "Nourrice d'alimentation 6 voies rouge",
      "unite": "u",
      "prix_unitaire": null,
      "categorie": "Plomberie",
      "fournisseur": null
    },
    {
      "materiau_id": 227,
      "code_materiau": null,
      "nom_materiau": "Pompe 1.5 hp",
      "unite": "u",
      "prix_unitaire": null,
      "categorie": "Plomberie",
      "fournisseur": null
    },
    {
      "materiau_id": 228,
      "code_materiau": null,
      "nom_materiau": "Raccord panaflex",
      "unite": "u",
      "prix_unitaire": null,
      "categorie": "Plomberie",
      "fournisseur": null
    },
    {
      "materiau_id": 229,
      "code_materiau": null,
      "nom_materiau": "Raccord rex",
      "unite": "u",
      "prix_unitaire": null,
      "categorie": "Plomberie",
      "fournisseur": null
    },
    {
      "materiau_id": 230,
      "code_materiau": null,
      "nom_materiau": "Raccord union pression DN32",
      "unite": "u",
      "prix_unitaire": null,
      "categorie": "Plomberie",
      "fournisseur": null
    },
    {
      "materiau_id": 231,
      "code_materiau": null,
      "nom_materiau": "Réduction 3/4x1/2",
      "unite": "u",
      "prix_unitaire": null,
      "categorie": "Plomberie",
      "fournisseur": null
    },
    {
      "materiau_id": 232,
      "code_materiau": null,
      "nom_materiau": "Réduction pression DN32/25",
      "unite": "u",
      "prix_unitaire": null,
      "categorie": "Plomberie",
      "fournisseur": null
    },
    {
      "materiau_id": 233,
      "code_materiau": null,
      "nom_materiau": "Réduction PVC DN100/63",
      "unite": "u",
      "prix_unitaire": null,
      "categorie": "Plomberie",
      "fournisseur": null
    },
    {
      "materiau_id": 234,
      "code_materiau": null,
      "nom_materiau": "Robinet équerre",
      "unite": "u",
      "prix_unitaire": null,
      "categorie": "Plomberie",
      "fournisseur": null
    },
    {
      "materiau_id": 235,
      "code_materiau": null,
      "nom_materiau": "Robinet vanne 3/4",
      "unite": "u",
      "prix_unitaire": null,
      "categorie": "Plomberie",
      "fournisseur": null
    },
    {
      "materiau_id": 236,
      "code_materiau": null,
      "nom_materiau": "Surpresseur",
      "unite": "u",
      "prix_unitaire": null,
      "categorie": "Plomberie",
      "fournisseur": null
    },
    {
      "materiau_id": 237,
      "code_materiau": null,
      "nom_materiau": "Surpresseur + ballon de 24L",
      "unite": "u",
      "prix_unitaire": null,
      "categorie": "Plomberie",
      "fournisseur": null
    },
    {
      "materiau_id": 238,
      "code_materiau": null,
      "nom_materiau": "Té alu de DN16",
      "unite": "u",
      "prix_unitaire": null,
      "categorie": "Plomberie",
      "fournisseur": null
    },
    {
      "materiau_id": 239,
      "code_materiau": null,
      "nom_materiau": "Té compression de 16x16x16",
      "unite": "u",
      "prix_unitaire": null,
      "categorie": "Plomberie",
      "fournisseur": null
    },
    {
      "materiau_id": 240,
      "code_materiau": null,
      "nom_materiau": "Té compression de 16x16x1/2F",
      "unite": "u",
      "prix_unitaire": null,
      "categorie": "Plomberie",
      "fournisseur": null
    },
    {
      "materiau_id": 241,
      "code_materiau": null,
      "nom_materiau": "Té culotte PVC DN100",
      "unite": "u",
      "prix_unitaire": null,
      "categorie": "Plomberie",
      "fournisseur": null
    },
    {
      "materiau_id": 242,
      "code_materiau": null,
      "nom_materiau": "Té culotte PVC DN110",
      "unite": "u",
      "prix_unitaire": null,
      "categorie": "Plomberie",
      "fournisseur": null
    },
    {
      "materiau_id": 243,
      "code_materiau": null,
      "nom_materiau": "Té panaflex de 25x25x3/4",
      "unite": "u",
      "prix_unitaire": null,
      "categorie": "Plomberie",
      "fournisseur": null
    },
    {
      "materiau_id": 244,
      "code_materiau": null,
      "nom_materiau": "Té culotte PVC DN69",
      "unite": "u",
      "prix_unitaire": null,
      "categorie": "Plomberie",
      "fournisseur": null
    },
    {
      "materiau_id": 245,
      "code_materiau": null,
      "nom_materiau": "Té pression DN32",
      "unite": "u",
      "prix_unitaire": null,
      "categorie": "Plomberie",
      "fournisseur": null
    },
    {
      "materiau_id": 246,
      "code_materiau": null,
      "nom_materiau": "Téflon industriel",
      "unite": "u",
      "prix_unitaire": null,
      "categorie": "Plomberie",
      "fournisseur": null
    },
    {
      "materiau_id": 247,
      "code_materiau": null,
      "nom_materiau": "Tube de colle",
      "unite": "u",
      "prix_unitaire": null,
      "categorie": "Plomberie",
      "fournisseur": null
    },
    {
      "materiau_id": 248,
      "code_materiau": null,
      "nom_materiau": "Tuyau alu",
      "unite": "u",
      "prix_unitaire": null,
      "categorie": "Plomberie",
      "fournisseur": null
    },
    {
      "materiau_id": 249,
      "code_materiau": null,
      "nom_materiau": "Tuyau compression blanc DN16 T 25°C blanc en rouleau de 100m",
      "unite": "rlx",
      "prix_unitaire": null,
      "categorie": "Plomberie",
      "fournisseur": null
    },
    {
      "materiau_id": 250,
      "code_materiau": null,
      "nom_materiau": "Tuyau compression blanc DN16 T 25°C blanc en rouleau de 50m",
      "unite": "rlx",
      "prix_unitaire": null,
      "categorie": "Plomberie",
      "fournisseur": null
    },
    {
      "materiau_id": 251,
      "code_materiau": null,
      "nom_materiau": "Tuyau normalisé PVC de DN100",
      "unite": "u",
      "prix_unitaire": 5500.0,
      "categorie": "Plomberie",
      "fournisseur": null
    },
    {
      "materiau_id": 252,
      "code_materiau": null,
      "nom_materiau": "Tuyau normalisé PVC de DN110",
      "unite": "u",
      "prix_unitaire": null,
      "categorie": "Plomberie",
      "fournisseur": null
    },
    {
      "materiau_id": 253,
      "code_materiau": null,
      "nom_materiau": "Tuyau normalisé PVC de DN63",
      "unite": "u",
      "prix_unitaire": 4000.0,
      "categorie": "Plomberie",
      "fournisseur": null
    },
    {
      "materiau_id": 254,
      "code_materiau": null,
      "nom_materiau": "Tuyaux panaflex DN20",
      "unite": "rlx",
      "prix_unitaire": null,
      "categorie": "Plomberie",
      "fournisseur": null
    },
    {
      "materiau_id": 255,
      "code_materiau": null,
      "nom_materiau": "Tuyaux panaflex DN25",
      "unite": "rlx",
      "prix_unitaire": null,
      "categorie": "Plomberie",
      "fournisseur": null
    },
    {
      "materiau_id": 256,
      "code_materiau": null,
      "nom_materiau": "Tuyaux panaflex DN32",
      "unite": "rlx",
      "prix_unitaire": null,
      "categorie": "Plomberie",
      "fournisseur": null
    },
    {
      "materiau_id": 257,
      "code_materiau": null,
      "nom_materiau": "Tuyaux pression DN20",
      "unite": "u",
      "prix_unitaire": null,
      "categorie": "Plomberie",
      "fournisseur": null
    },
    {
      "materiau_id": 258,
      "code_materiau": null,
      "nom_materiau": "Tuyaux pression DN25",
      "unite": "u",
      "prix_unitaire": null,
      "categorie": "Plomberie",
      "fournisseur": null
    },
    {
      "materiau_id": 259,
      "code_materiau": null,
      "nom_materiau": "Tuyaux pression DN32",
      "unite": "u",
      "prix_unitaire": null,
      "categorie": "Plomberie",
      "fournisseur": null
    },
    {
      "materiau_id": 260,
      "code_materiau": null,
      "nom_materiau": "Tuyaux pression normalisé DN32",
      "unite": "u",
      "prix_unitaire": null,
      "categorie": "Plomberie",
      "fournisseur": null
    },
    {
      "materiau_id": 261,
      "code_materiau": null,
      "nom_materiau": "Vanne à boisseau",
      "unite": "u",
      "prix_unitaire": null,
      "categorie": "Plomberie",
      "fournisseur": null
    },
    {
      "materiau_id": 262,
      "code_materiau": null,
      "nom_materiau": "Vanne pression DN32",
      "unite": "u",
      "prix_unitaire": null,
      "categorie": "Plomberie",
      "fournisseur": null
    },
    {
      "materiau_id": 263,
      "code_materiau": null,
      "nom_materiau": "Barrette de coupure",
      "unite": "u",
      "prix_unitaire": 8500.0,
      "categorie": "Electricté",
      "fournisseur": null
    },
    {
      "materiau_id": 264,
      "code_materiau": null,
      "nom_materiau": "Boite de dérivation 100/100",
      "unite": "u",
      "prix_unitaire": null,
      "categorie": "Electricté",
      "fournisseur": null
    },
    {
      "materiau_id": 265,
      "code_materiau": null,
      "nom_materiau": "Boite de dérivation 200x200 encastré",
      "unite": "u",
      "prix_unitaire": null,
      "categorie": "Electricté",
      "fournisseur": null
    },
    {
      "materiau_id": 266,
      "code_materiau": null,
      "nom_materiau": "Boitier carré à vis",
      "unite": "u",
      "prix_unitaire": null,
      "categorie": "Electricté",
      "fournisseur": null
    },
    {
      "materiau_id": 267,
      "code_materiau": null,
      "nom_materiau": "Bornier vert / jaune de 35 mm²",
      "unite": "u",
      "prix_unitaire": null,
      "categorie": "Electricté",
      "fournisseur": null
    },
    {
      "materiau_id": 268,
      "code_materiau": null,
      "nom_materiau": "Botier rond à vis",
      "unite": "u",
      "prix_unitaire": null,
      "categorie": "Electricté",
      "fournisseur": null
    },
    {
      "materiau_id": 269,
      "code_materiau": null,
      "nom_materiau": "Bouton poussoir",
      "unite": "u",
      "prix_unitaire": null,
      "categorie": "Electricté",
      "fournisseur": null
    },
    {
      "materiau_id": 270,
      "code_materiau": null,
      "nom_materiau": "Câble coaxial 100% cuivre pour la tv",
      "unite": "u",
      "prix_unitaire": null,
      "categorie": "Electricté",
      "fournisseur": null
    },
    {
      "materiau_id": 271,
      "code_materiau": null,
      "nom_materiau": "Câble cuivre nu de 29 mm2 100% Cu",
      "unite": "m",
      "prix_unitaire": 2500.0,
      "categorie": "Electricté",
      "fournisseur": null
    },
    {
      "materiau_id": 272,
      "code_materiau": null,
      "nom_materiau": "Câble électrique 3x2,5 R2V",
      "unite": "m",
      "prix_unitaire": null,
      "categorie": "Electricté",
      "fournisseur": null
    },
    {
      "materiau_id": 273,
      "code_materiau": null,
      "nom_materiau": "Câble FTP catégorie 6 pour interphone",
      "unite": "u",
      "prix_unitaire": null,
      "categorie": "Electricté",
      "fournisseur": null
    },
    {
      "materiau_id": 274,
      "code_materiau": null,
      "nom_materiau": "Câble HO7VRN NeXAN",
      "unite": "u",
      "prix_unitaire": null,
      "categorie": "Electricté",
      "fournisseur": null
    },
    {
      "materiau_id": 275,
      "code_materiau": null,
      "nom_materiau": "Câble U1000 RO2V 3x4 mm²",
      "unite": "u",
      "prix_unitaire": 150000.0,
      "categorie": "Electricté",
      "fournisseur": null
    },
    {
      "materiau_id": 276,
      "code_materiau": null,
      "nom_materiau": "Câble U1000 RO2V 4x6 mm²",
      "unite": "u",
      "prix_unitaire": null,
      "categorie": "Electricté",
      "fournisseur": null
    },
    {
      "materiau_id": 277,
      "code_materiau": null,
      "nom_materiau": "Coffret modulaire 12M",
      "unite": "u",
      "prix_unitaire": null,
      "categorie": "Electricté",
      "fournisseur": null
    },
    {
      "materiau_id": 278,
      "code_materiau": null,
      "nom_materiau": "Coffret modulaire 13M",
      "unite": "u",
      "prix_unitaire": null,
      "categorie": "Electricté",
      "fournisseur": null
    },
    {
      "materiau_id": 279,
      "code_materiau": null,
      "nom_materiau": "Coffret modulaire 24M",
      "unite": "u",
      "prix_unitaire": null,
      "categorie": "Electricté",
      "fournisseur": null
    },
    {
      "materiau_id": 280,
      "code_materiau": null,
      "nom_materiau": "Coffret modulaire 48M",
      "unite": "u",
      "prix_unitaire": null,
      "categorie": "Electricté",
      "fournisseur": null
    },
    {
      "materiau_id": 281,
      "code_materiau": null,
      "nom_materiau": "Coffret modulaire 54M",
      "unite": "u",
      "prix_unitaire": null,
      "categorie": "Electricté",
      "fournisseur": null
    },
    {
      "materiau_id": 282,
      "code_materiau": null,
      "nom_materiau": "Compteur divisionnaire",
      "unite": "u",
      "prix_unitaire": null,
      "categorie": "Electricté",
      "fournisseur": null
    },
    {
      "materiau_id": 283,
      "code_materiau": null,
      "nom_materiau": "Disjoncteur modulaire",
      "unite": "u",
      "prix_unitaire": null,
      "categorie": "Electricté",
      "fournisseur": null
    },
    {
      "materiau_id": 284,
      "code_materiau": null,
      "nom_materiau": "Dismatique encastré",
      "unite": "u",
      "prix_unitaire": null,
      "categorie": "Electricté",
      "fournisseur": null
    },
    {
      "materiau_id": 285,
      "code_materiau": null,
      "nom_materiau": "Domino de 10",
      "unite": "u",
      "prix_unitaire": null,
      "categorie": "Electricté",
      "fournisseur": null
    },
    {
      "materiau_id": 286,
      "code_materiau": null,
      "nom_materiau": "Domino de 16",
      "unite": "u",
      "prix_unitaire": null,
      "categorie": "Electricté",
      "fournisseur": null
    },
    {
      "materiau_id": 287,
      "code_materiau": null,
      "nom_materiau": "Domino de 25",
      "unite": "u",
      "prix_unitaire": null,
      "categorie": "Electricté",
      "fournisseur": null
    },
    {
      "materiau_id": 288,
      "code_materiau": null,
      "nom_materiau": "DPN 2P/10A",
      "unite": "u",
      "prix_unitaire": null,
      "categorie": "Electricté",
      "fournisseur": null
    },
    {
      "materiau_id": 289,
      "code_materiau": null,
      "nom_materiau": "DPN 2P/16A",
      "unite": "u",
      "prix_unitaire": null,
      "categorie": "Electricté",
      "fournisseur": null
    },
    {
      "materiau_id": 290,
      "code_materiau": null,
      "nom_materiau": "DPN 2P/20A",
      "unite": "u",
      "prix_unitaire": null,
      "categorie": "Electricté",
      "fournisseur": null
    },
    {
      "materiau_id": 291,
      "code_materiau": null,
      "nom_materiau": "DPN 2P/25A",
      "unite": "u",
      "prix_unitaire": null,
      "categorie": "Electricté",
      "fournisseur": null
    },
    {
      "materiau_id": 292,
      "code_materiau": null,
      "nom_materiau": "File TH 1x1.5mm²",
      "unite": "rlx",
      "prix_unitaire": null,
      "categorie": "Electricté",
      "fournisseur": null
    },
    {
      "materiau_id": 293,
      "code_materiau": null,
      "nom_materiau": "File TH 1x2.5mm²",
      "unite": "rlx",
      "prix_unitaire": null,
      "categorie": "Electricté",
      "fournisseur": null
    },
    {
      "materiau_id": 294,
      "code_materiau": null,
      "nom_materiau": "File TH Vert/Jaune 6mm²",
      "unite": "rlx",
      "prix_unitaire": null,
      "categorie": "Electricté",
      "fournisseur": null
    },
    {
      "materiau_id": 295,
      "code_materiau": null,
      "nom_materiau": "Gaine annelée courant DN20",
      "unite": "rlx",
      "prix_unitaire": 27000.0,
      "categorie": "Electricté",
      "fournisseur": null
    },
    {
      "materiau_id": 296,
      "code_materiau": null,
      "nom_materiau": "Gaine annelée courant DN25",
      "unite": "rlx",
      "prix_unitaire": 36000.0,
      "categorie": "Electricté",
      "fournisseur": null
    },
    {
      "materiau_id": 297,
      "code_materiau": null,
      "nom_materiau": "Gaine annelée courant DN32",
      "unite": "rlx",
      "prix_unitaire": 36000.0,
      "categorie": "Electricté",
      "fournisseur": null
    },
    {
      "materiau_id": 298,
      "code_materiau": null,
      "nom_materiau": "Gaine annelée ok-plast DN20",
      "unite": "rlx",
      "prix_unitaire": null,
      "categorie": "Electricté",
      "fournisseur": null
    },
    {
      "materiau_id": 299,
      "code_materiau": null,
      "nom_materiau": "Gaine annelée ok-plast DN25",
      "unite": "rlx",
      "prix_unitaire": null,
      "categorie": "Electricté",
      "fournisseur": null
    },
    {
      "materiau_id": 300,
      "code_materiau": null,
      "nom_materiau": "Gaine annelée ok-plast DN32",
      "unite": "rlx",
      "prix_unitaire": null,
      "categorie": "Electricté",
      "fournisseur": null
    },
    {
      "materiau_id": 301,
      "code_materiau": null,
      "nom_materiau": "Interrupteur différentiel 25A/30mA",
      "unite": "u",
      "prix_unitaire": null,
      "categorie": "Electricté",
      "fournisseur": null
    },
    {
      "materiau_id": 302,
      "code_materiau": null,
      "nom_materiau": "Interrupteur différentiel 40A/30mA",
      "unite": "u",
      "prix_unitaire": null,
      "categorie": "Electricté",
      "fournisseur": null
    },
    {
      "materiau_id": 303,
      "code_materiau": null,
      "nom_materiau": "Interrupteur differentiel triphasé 380/400A/300ma",
      "unite": "u",
      "prix_unitaire": null,
      "categorie": "Electricté",
      "fournisseur": null
    },
    {
      "materiau_id": 304,
      "code_materiau": null,
      "nom_materiau": "Interrupteur double VV",
      "unite": "u",
      "prix_unitaire": null,
      "categorie": "Electricté",
      "fournisseur": null
    },
    {
      "materiau_id": 305,
      "code_materiau": null,
      "nom_materiau": "Interrupteur SA",
      "unite": "u",
      "prix_unitaire": null,
      "categorie": "Electricté",
      "fournisseur": null
    },
    {
      "materiau_id": 306,
      "code_materiau": null,
      "nom_materiau": "Interrupteur VV",
      "unite": "u",
      "prix_unitaire": null,
      "categorie": "Electricté",
      "fournisseur": null
    },
    {
      "materiau_id": 307,
      "code_materiau": null,
      "nom_materiau": "Minuterie modulaire",
      "unite": "u",
      "prix_unitaire": null,
      "categorie": "Electricté",
      "fournisseur": null
    },
    {
      "materiau_id": 308,
      "code_materiau": null,
      "nom_materiau": "Peigne de raccordement",
      "unite": "u",
      "prix_unitaire": null,
      "categorie": "Electricté",
      "fournisseur": null
    },
    {
      "materiau_id": 309,
      "code_materiau": null,
      "nom_materiau": "Piquet de terre 2m 250U 100% Cu",
      "unite": "u",
      "prix_unitaire": 24000.0,
      "categorie": "Electricté",
      "fournisseur": null
    },
    {
      "materiau_id": 310,
      "code_materiau": null,
      "nom_materiau": "Piquet de terre 1m 250U 100% Cu",
      "unite": "u",
      "prix_unitaire": 10000.0,
      "categorie": "Electricté",
      "fournisseur": null
    },
    {
      "materiau_id": 311,
      "code_materiau": null,
      "nom_materiau": "Prise 2P+T",
      "unite": "u",
      "prix_unitaire": 2800.0,
      "categorie": "Electricté",
      "fournisseur": null
    },
    {
      "materiau_id": 312,
      "code_materiau": null,
      "nom_materiau": "Prise TV",
      "unite": "u",
      "prix_unitaire": 3000.0,
      "categorie": "Electricté",
      "fournisseur": null
    },
    {
      "materiau_id": 313,
      "code_materiau": null,
      "nom_materiau": "Sonnerie modulaire",
      "unite": "u",
      "prix_unitaire": 5000.0,
      "categorie": "Electricté",
      "fournisseur": null
    },
    {
      "materiau_id": 314,
      "code_materiau": null,
      "nom_materiau": "Télérupteur modulaire",
      "unite": "u",
      "prix_unitaire": null,
      "categorie": "Electricté",
      "fournisseur": null
    },
    {
      "materiau_id": 315,
      "code_materiau": null,
      "nom_materiau": "Carreaux grès cérame antidérapants de 20x20",
      "unite": "m²",
      "prix_unitaire": 4000.0,
      "categorie": "Carrelage",
      "fournisseur": null
    },
    {
      "materiau_id": 316,
      "code_materiau": null,
      "nom_materiau": "Carreaux grès cérame de 20x40",
      "unite": "m²",
      "prix_unitaire": 4000.0,
      "categorie": "Carrelage",
      "fournisseur": null
    },
    {
      "materiau_id": 317,
      "code_materiau": null,
      "nom_materiau": "Carreaux grès cérame de 30x30",
      "unite": "m²",
      "prix_unitaire": 5000.0,
      "categorie": "Carrelage",
      "fournisseur": null
    },
    {
      "materiau_id": 318,
      "code_materiau": null,
      "nom_materiau": "Carreaux grès cérame de 40x40",
      "unite": "m²",
      "prix_unitaire": 6500.0,
      "categorie": "Carrelage",
      "fournisseur": null
    },
    {
      "materiau_id": 319,
      "code_materiau": null,
      "nom_materiau": "Carreaux grès cérame de 40x60",
      "unite": "m²",
      "prix_unitaire": null,
      "categorie": "Carrelage",
      "fournisseur": null
    },
    {
      "materiau_id": 320,
      "code_materiau": null,
      "nom_materiau": "Carreaux grès cérame de 50x50",
      "unite": "m²",
      "prix_unitaire": null,
      "categorie": "Carrelage",
      "fournisseur": null
    },
    {
      "materiau_id": 321,
      "code_materiau": null,
      "nom_materiau": "Carreaux grès cérame de 60x60",
      "unite": "m²",
      "prix_unitaire": 7500.0,
      "categorie": "Carrelage",
      "fournisseur": null
    },
    {
      "materiau_id": 322,
      "code_materiau": null,
      "nom_materiau": "Carreaux grès cérame de 60x90",
      "unite": "m²",
      "prix_unitaire": null,
      "categorie": "Carrelage",
      "fournisseur": null
    },
    {
      "materiau_id": 323,
      "code_materiau": null,
      "nom_materiau": "Carreaux grès cérame de 90x90",
      "unite": "m²",
      "prix_unitaire": null,
      "categorie": "Carrelage",
      "fournisseur": null
    },
    {
      "materiau_id": 324,
      "code_materiau": null,
      "nom_materiau": "Croisillon",
      "unite": "u",
      "prix_unitaire": 1000.0,
      "categorie": "Carrelage",
      "fournisseur": null
    },
    {
      "materiau_id": 325,
      "code_materiau": null,
      "nom_materiau": "Colorant",
      "unite": "u",
      "prix_unitaire": 1500.0,
      "categorie": "Peinture",
      "fournisseur": null
    },
    {
      "materiau_id": 326,
      "code_materiau": null,
      "nom_materiau": "Diluant synthétique",
      "unite": "litre",
      "prix_unitaire": 1000.0,
      "categorie": "Peinture",
      "fournisseur": null
    },
    {
      "materiau_id": 327,
      "code_materiau": null,
      "nom_materiau": "Email A de 30kg",
      "unite": "pot",
      "prix_unitaire": 92000.0,
      "categorie": "Peinture",
      "fournisseur": null
    },
    {
      "materiau_id": 328,
      "code_materiau": null,
      "nom_materiau": "Granitex",
      "unite": "pot",
      "prix_unitaire": null,
      "categorie": "Peinture",
      "fournisseur": null
    },
    {
      "materiau_id": 329,
      "code_materiau": null,
      "nom_materiau": "Liquide 542 de 20L",
      "unite": "bidon",
      "prix_unitaire": null,
      "categorie": "Peinture",
      "fournisseur": null
    },
    {
      "materiau_id": 330,
      "code_materiau": null,
      "nom_materiau": "Pantex 1300 de 25kg",
      "unite": "pot",
      "prix_unitaire": null,
      "categorie": "Peinture",
      "fournisseur": null
    },
    {
      "materiau_id": 331,
      "code_materiau": null,
      "nom_materiau": "Pantex 1300 de 30kg",
      "unite": "pot",
      "prix_unitaire": 67300.0,
      "categorie": "Peinture",
      "fournisseur": null
    },
    {
      "materiau_id": 332,
      "code_materiau": null,
      "nom_materiau": "Pantex 800 de 25kg",
      "unite": "pot",
      "prix_unitaire": null,
      "categorie": "Peinture",
      "fournisseur": null
    },
    {
      "materiau_id": 333,
      "code_materiau": null,
      "nom_materiau": "Pantex 800 de 30kg",
      "unite": "pot",
      "prix_unitaire": 46700.0,
      "categorie": "Peinture",
      "fournisseur": null
    },
    {
      "materiau_id": 334,
      "code_materiau": null,
      "nom_materiau": "Panticoat de 25kg",
      "unite": "pot",
      "prix_unitaire": 35000.0,
      "categorie": "Peinture",
      "fournisseur": null
    },
    {
      "materiau_id": 335,
      "code_materiau": null,
      "nom_materiau": "Panticoat de 30kg",
      "unite": "pot",
      "prix_unitaire": null,
      "categorie": "Peinture",
      "fournisseur": null
    },
    {
      "materiau_id": 336,
      "code_materiau": null,
      "nom_materiau": "Pantiprim de 25kg",
      "unite": "pot",
      "prix_unitaire": null,
      "categorie": "Peinture",
      "fournisseur": null
    },
    {
      "materiau_id": 337,
      "code_materiau": null,
      "nom_materiau": "Pantiprim de 30kg",
      "unite": "pot",
      "prix_unitaire": 71000.0,
      "categorie": "Peinture",
      "fournisseur": null
    },
    {
      "materiau_id": 338,
      "code_materiau": null,
      "nom_materiau": "Papier vert n°100",
      "unite": "rlx",
      "prix_unitaire": 20000.0,
      "categorie": "Peinture",
      "fournisseur": null
    },
    {
      "materiau_id": 339,
      "code_materiau": null,
      "nom_materiau": "Papier vert n°120",
      "unite": "rlx",
      "prix_unitaire": 20000.0,
      "categorie": "Peinture",
      "fournisseur": null
    },
    {
      "materiau_id": 340,
      "code_materiau": null,
      "nom_materiau": "Papier vert n°80",
      "unite": "rlx",
      "prix_unitaire": null,
      "categorie": "Peinture",
      "fournisseur": null
    },
    {
      "materiau_id": 341,
      "code_materiau": null,
      "nom_materiau": "Peinture à huile de 30kg National",
      "unite": "pot",
      "prix_unitaire": 45000.0,
      "categorie": "Peinture",
      "fournisseur": null
    },
    {
      "materiau_id": 342,
      "code_materiau": null,
      "nom_materiau": "Peinture d'impression de 30kg National",
      "unite": "pot",
      "prix_unitaire": 17000.0,
      "categorie": "Peinture",
      "fournisseur": null
    },
    {
      "materiau_id": 343,
      "code_materiau": null,
      "nom_materiau": "Soytex",
      "unite": "pot",
      "prix_unitaire": 50000.0,
      "categorie": "Peinture",
      "fournisseur": null
    },
    {
      "materiau_id": 344,
      "code_materiau": null,
      "nom_materiau": "Stucco",
      "unite": "pot",
      "prix_unitaire": 22000.0,
      "categorie": "Peinture",
      "fournisseur": null
    },
    {
      "materiau_id": 345,
      "code_materiau": null,
      "nom_materiau": "Lambris",
      "unite": "m²",
      "prix_unitaire": 10000.0,
      "categorie": "Menuiserie Bois",
      "fournisseur": null
    },
    {
      "materiau_id": 346,
      "code_materiau": null,
      "nom_materiau": "Porte de 80 x 220 cm",
      "unite": "u",
      "prix_unitaire": 70000.0,
      "categorie": "Menuiserie Bois",
      "fournisseur": null
    },
    {
      "materiau_id": 347,
      "code_materiau": null,
      "nom_materiau": "Porte de 90 x 220 cm",
      "unite": "u",
      "prix_unitaire": 70000.0,
      "categorie": "Menuiserie Bois",
      "fournisseur": null
    },
    {
      "materiau_id": 348,
      "code_materiau": null,
      "nom_materiau": "Porte de 100 x 220 cm",
      "unite": "u",
      "prix_unitaire": 100000.0,
      "categorie": "Menuiserie Bois",
      "fournisseur": null
    },
    {
      "materiau_id": 349,
      "code_materiau": null,
      "nom_materiau": "Porte de 150 x 220 cm",
      "unite": "u",
      "prix_unitaire": 100000.0,
      "categorie": "Menuiserie Bois",
      "fournisseur": null
    },
    {
      "materiau_id": 350,
      "code_materiau": null,
      "nom_materiau": "Porte de 180 x 220 cm",
      "unite": "u",
      "prix_unitaire": 154000.0,
      "categorie": "Menuiserie Bois",
      "fournisseur": null
    },
    {
      "materiau_id": 351,
      "code_materiau": null,
      "nom_materiau": "Porte de 300 x 220 cm",
      "unite": "u",
      "prix_unitaire": 200000.0,
      "categorie": "Menuiserie Bois",
      "fournisseur": null
    },
    {
      "materiau_id": 352,
      "code_materiau": null,
      "nom_materiau": "F&P de placard pour chambres",
      "unite": "m²",
      "prix_unitaire": 18000.0,
      "categorie": "Menuiserie Bois",
      "fournisseur": null
    },
    {
      "materiau_id": 353,
      "code_materiau": null,
      "nom_materiau": "Cuisine",
      "unite": "ml",
      "prix_unitaire": null,
      "categorie": "Menuiserie Bois",
      "fournisseur": null
    },
    {
      "materiau_id": 354,
      "code_materiau": null,
      "nom_materiau": "Ouvrages métalliques",
      "unite": "m²",
      "prix_unitaire": 30000.0,
      "categorie": "Menuiserie Métallique",
      "fournisseur": null
    },
    {
      "materiau_id": 355,
      "code_materiau": null,
      "nom_materiau": "Ouvrages en alu",
      "unite": "m²",
      "prix_unitaire": 35000.0,
      "categorie": "Menuiserie Aluminium et vitrerie",
      "fournisseur": null
    },
    {
      "materiau_id": 356,
      "code_materiau": null,
      "nom_materiau": "Pavé",
      "unite": "m²",
      "prix_unitaire": null,
      "categorie": "Aménagement extérieur",
      "fournisseur": null
    },
    {
      "materiau_id": 357,
      "code_materiau": null,
      "nom_materiau": "Gazon",
      "unite": "m²",
      "prix_unitaire": null,
      "categorie": "Aménagement extérieur",
      "fournisseur": null
    },
    {
      "materiau_id": 358,
      "code_materiau": null,
      "nom_materiau": "Bande adhésive",
      "unite": "u",
      "prix_unitaire": 700.0,
      "categorie": "Divers",
      "fournisseur": null
    },
    {
      "materiau_id": 359,
      "code_materiau": null,
      "nom_materiau": "Charbon",
      "unite": "sac",
      "prix_unitaire": 10000.0,
      "categorie": "Divers",
      "fournisseur": null
    },
    {
      "materiau_id": 360,
      "code_materiau": null,
      "nom_materiau": "Essence",
      "unite": "litre",
      "prix_unitaire": 650.0,
      "categorie": "Divers",
      "fournisseur": null
    },
    {
      "materiau_id": 361,
      "code_materiau": null,
      "nom_materiau": "Gaz",
      "unite": "btle",
      "prix_unitaire": 6500.0,
      "categorie": "Divers",
      "fournisseur": null
    },
    {
      "materiau_id": 362,
      "code_materiau": null,
      "nom_materiau": "Huile de vidange",
      "unite": "litre",
      "prix_unitaire": null,
      "categorie": "Divers",
      "fournisseur": null
    },
    {
      "materiau_id": 363,
      "code_materiau": null,
      "nom_materiau": "Sel de 18kg",
      "unite": "sac",
      "prix_unitaire": 3800.0,
      "categorie": "Divers",
      "fournisseur": null
    },
    {
      "materiau_id": 364,
      "code_materiau": null,
      "nom_materiau": "Sikalatex",
      "unite": "litre",
      "prix_unitaire": 3275.0,
      "categorie": "Divers",
      "fournisseur": null
    },
    {
      "materiau_id": 365,
      "code_materiau": null,
      "nom_materiau": "Xylamon 20litres",
      "unite": "seau",
      "prix_unitaire": 7500.0,
      "categorie": "Divers",
      "fournisseur": null
    },
    {
      "materiau_id": 366,
      "code_materiau": null,
      "nom_materiau": "Staff plein",
      "unite": "m²",
      "prix_unitaire": 10000.0,
      "categorie": "Staff",
      "fournisseur": null
    },
    {
      "materiau_id": 367,
      "code_materiau": null,
      "nom_materiau": "Staffe (enduit corniche)",
      "unite": "m²",
      "prix_unitaire": 7000.0,
      "categorie": "Staff",
      "fournisseur": null
    }
  ]
}