{
  "table": "charges",
  "records": [
    {
      "charge_id": 1,
      "code_charge": "CHG-001",
      "designation": "Eau",
      "categorie": "Utilitaires chantier",
      "unite": "jour",
      "quantite": 1.0,
      "cout_unitaire": 120.0,
      "amortissement": 0.25,
      "cout_total": 30.0
    },
    {
      "charge_id": 2,
      "code_charge": "CHG-002",
      "designation": "Electricité",
      "categorie": "Utilitaires chantier",
      "unite": "jour",
      "quantite": 1.0,
      "cout_unitaire": 500.0,
      "amortissement": 0.25,
      "cout_total": 125.0
    },
    {
      "charge_id": 3,
      "code_charge": "CHG-003",
      "designation": "Internet",
      "categorie": "Utilitaires chantier",
      "unite": "jour",
      "quantite": 1.0,
      "cout_unitaire": 1000.0,
      "amortissement": 0.25,
      "cout_total": 250.0
    },
    {
      "charge_id": 4,
      "code_charge": "CHG-004",
      "designation": "Communication téléphonique",
      "categorie": "Utilitaires chantier",
      "unite": "jour",
      "quantite": 1.0,
      "cout_unitaire": 1000.0,
      "amortissement": 0.25,
      "cout_total": 250.0
    },
    {
      "charge_id": 5,
      "code_charge": "CHG-005",
      "designation": "Loyer",
      "categorie": "Utilitaires chantier",
      "unite": "jour",
      "quantite": 1.0,
      "cout_unitaire": 6666.666667,
      "amortissement": 0.25,
      "cout_total": 1666.666667
    },
    {
      "charge_id": 6,
      "code_charge": "CHG-006",
      "designation": "Taxes et régularisations",
      "categorie": "Utilitaires chantier",
      "unite": "jour",
      "quantite": 1.0,
      "cout_unitaire": null,
      "amortissement": 0.25,
      "cout_total": 0.0
    },
    {
      "charge_id": 7,
      "code_charge": "CHG-007",
      "designation": "Alimentation et entretien du personnel",
      "categorie": "Utilitaires chantier",
      "unite": "jour",
      "quantite": 1.0,
      "cout_unitaire": 500.0,
      "amortissement": 0.25,
      "cout_total": 125.0
    },
    {
      "charge_id": 8,
      "code_charge": "CHG-008",
      "designation": "Carburant véhicules internes",
      "categorie": "Utilitaires chantier",
      "unite": "jour",
      "quantite": 1.0,
      "cout_unitaire": 0.0,
      "amortissement": 0.25,
      "cout_total": 0.0
    },
    {
      "charge_id": 9,
      "code_charge": "CHG-009",
      "designation": "Déplacement du personnel",
      "categorie": "Utilitaires chantier",
      "unite": "jour",
      "quantite": 1.0,
      "cout_unitaire": 3000.0,
      "amortissement": 0.25,
      "cout_total": 750.0
    },
    {
      "charge_id": 10,
      "code_charge": "CHG-010",
      "designation": "Impressions administration",
      "categorie": "Utilitaires chantier",
      "unite": "jour",
      "quantite": 1.0,
      "cout_unitaire": 200.0,
      "amortissement": 0.25,
      "cout_total": 50.0
    },
    {
      "charge_id": 11,
      "code_charge": "CHG-011",
      "designation": "Impressions projet",
      "categorie": "Utilitaires chantier",
      "unite": "Ens",
      "quantite": 1.0,
      "cout_unitaire": 154900.0,
      "amortissement": 1.0,
      "cout_total": 154900.0
    },
    {
      "charge_id": 12,
      "code_charge": "CHG-012",
      "designation": "Maquette chantier",
      "categorie": "Utilitaires chantier",
      "unite": "A0",
      "quantite": 1.0,
      "cout_unitaire": 2000.0,
      "amortissement": null,
      "cout_total": 2000.0
    },
    {
      "charge_id": 13,
      "code_charge": "CHG-013",
      "designation": "Détails ouvrages spéciaux",
      "categorie": "Utilitaires chantier",
      "unite": "A3",
      "quantite": 5.0,
      "cout_unitaire": 500.0,
      "amortissement": null,
      "cout_total": 2500.0
    },
    {
      "charge_id": 14,
      "code_charge": "CHG-014",
      "designation": "Consommables projet",
      "categorie": "Consommables",
      "unite": "Ens",
      "quantite": 1.0,
      "cout_unitaire": 651000.0,
      "amortissement": 0.5,
      "cout_total": 325500.0
    }
  ]
}