{
  "table": "profils_utilisateurs",
  "records": [
    {
      "profil_id": 1,
      "profil": "Client",
      "description": "Porteur de projet immobilier, résident à l'étranger. Visualise et suit l'état d'avancement de son projet immobilier, reçoit les documents, effectue les paiements, échange avec le SPOC.",
      "acces_principal": "Portail client"
    },
    {
      "profil_id": 2,
      "profil": "SPOC",
      "description": "Point de contact unique entre le client et l'écosystème projet. Supervise l'avancement, répond au client, relaie les demandes.",
      "acces_principal": "Portail SPOC"
    },
    {
      "profil_id": 3,
      "profil": "AMOA",
      "description": "Accompagne sur la définition du besoin, vérifie la cohérence des livrables, assure le lien avec les techniciens.",
      "acces_principal": "Portail AMOA"
    },
    {
      "profil_id": 4,
      "profil": "MOE",
      "description": "Maîtrise d'œuvre technique. Gère les phases d'étude, de planification, de coordination du chantier. Fournir les livrables techniques.",
      "acces_principal": "Portail MOE/MOEX"
    },
    {
      "profil_id": 5,
      "profil": "MOEX",
      "description": "Maîtrise d'exécution. Contrôle la conformité des travaux, alimente la plateforme en photos, vidéos, rapports de suivi.",
      "acces_principal": "Portail MOE/MOEX"
    },
    {
      "profil_id": 6,
      "profil": "Super Administrateur",
      "description": "Accès total au système",
      "acces_principal": "Portail Admin"
    },
    {
      "profil_id": 7,
      "profil": "Administrateur",
      "description": "Supervise l'ensemble de la plateforme, gère les comptes, valide les configurations ERP, assure la qualité des données.",
      "acces_principal": "Portail Admin"
    }
  ]
}