{
  "table": "operations",
  "records": [
    {
      "operation_id": 1,
      "tache_id": null,
      "code_operation": "I.1.1-EXE",
      "nom_operation": "Exécution - Amené et repli du matériel",
      "description": "Opération principale d'exécution",
      "duree_estimee": null,
      "cout_estime": null,
      "avancement": 0
    },
    {
      "operation_id": 2,
      "tache_id": null,
      "code_operation": "I.1.2-EXE",
      "nom_operation": "Exécution - Construction d'une clôture de chantier",
      "description": "Opération principale d'exécution",
      "duree_estimee": null,
      "cout_estime": null,
      "avancement": 0
    },
    {
      "operation_id": 3,
      "tache_id": null,
      "code_operation": "I.1.3-EXE",
      "nom_operation": "Exécution - Construction de baraque de chantier y compris bureaux du chantier et charges diverses",
      "description": "Opération principale d'exécution",
      "duree_estimee": null,
      "cout_estime": null,
      "avancement": 0
    },
    {
      "operation_id": 4,
      "tache_id": null,
      "code_operation": "I.1.4-EXE",
      "nom_operation": "Exécution - Gardiennage du chantier",
      "description": "Opération principale d'exécution",
      "duree_estimee": null,
      "cout_estime": null,
      "avancement": 0
    },
    {
      "operation_id": 5,
      "tache_id": null,
      "code_operation": "I.1.5-EXE",
      "nom_operation": "Exécution - Alimentation provisoire en Eau",
      "description": "Opération principale d'exécution",
      "duree_estimee": null,
      "cout_estime": null,
      "avancement": 0
    },
    {
      "operation_id": 6,
      "tache_id": null,
      "code_operation": "I.1.6-EXE",
      "nom_operation": "Exécution - Alimentation provisoire en Electricité",
      "description": "Opération principale d'exécution",
      "duree_estimee": null,
      "cout_estime": null,
      "avancement": 0
    },
    {
      "operation_id": 7,
      "tache_id": null,
      "code_operation": "I.1.7-EXE",
      "nom_operation": "Exécution - Petit matériel",
      "description": "Opération principale d'exécution",
      "duree_estimee": null,
      "cout_estime": null,
      "avancement": 0
    },
    {
      "operation_id": 8,
      "tache_id": null,
      "code_operation": "I.1.8-EXE",
      "nom_operation": "Exécution - Transport et manutention",
      "description": "Opération principale d'exécution",
      "duree_estimee": null,
      "cout_estime": null,
      "avancement": 0
    },
    {
      "operation_id": 9,
      "tache_id": null,
      "code_operation": "I.2.1-EXE",
      "nom_operation": "Exécution - Implantation du bâtiment",
      "description": "Opération principale d'exécution",
      "duree_estimee": null,
      "cout_estime": null,
      "avancement": 0
    },
    {
      "operation_id": 10,
      "tache_id": null,
      "code_operation": "I.2.2-EXE",
      "nom_operation": "Exécution - Fouilles en grande masse",
      "description": "Opération principale d'exécution",
      "duree_estimee": null,
      "cout_estime": null,
      "avancement": 0
    },
    {
      "operation_id": 11,
      "tache_id": null,
      "code_operation": "I.2.3-EXE",
      "nom_operation": "Exécution - Fouille en rigole",
      "description": "Opération principale d'exécution",
      "duree_estimee": null,
      "cout_estime": null,
      "avancement": 0
    },
    {
      "operation_id": 12,
      "tache_id": null,
      "code_operation": "I.2.4-EXE",
      "nom_operation": "Exécution - Remblai autour des fondations",
      "description": "Opération principale d'exécution",
      "duree_estimee": null,
      "cout_estime": null,
      "avancement": 0
    },
    {
      "operation_id": 13,
      "tache_id": null,
      "code_operation": "I.2.5-EXE",
      "nom_operation": "Exécution - Désherbage et dessouchage arbres et arbustes, y compris évacuation hors du site",
      "description": "Opération principale d'exécution",
      "duree_estimee": null,
      "cout_estime": null,
      "avancement": 0
    },
    {
      "operation_id": 14,
      "tache_id": null,
      "code_operation": "I.2.6-EXE",
      "nom_operation": "Exécution - Transport et manutention",
      "description": "Opération principale d'exécution",
      "duree_estimee": null,
      "cout_estime": null,
      "avancement": 0
    },
    {
      "operation_id": 15,
      "tache_id": null,
      "code_operation": "II.1.1-EXE",
      "nom_operation": "Exécution - Béton de propreté d'ép. 5cm dosé à 150 kg/m³ y/c toutes sujétions de mise en œuvre",
      "description": "Opération principale d'exécution",
      "duree_estimee": null,
      "cout_estime": null,
      "avancement": 0
    },
    {
      "operation_id": 16,
      "tache_id": null,
      "code_operation": "II.1.2-EXE",
      "nom_operation": "Exécution - Béton armé pour radier général dosé à 350 kg/m³  y/c toute sujétion de mise en œuvre",
      "description": "Opération principale d'exécution",
      "duree_estimee": null,
      "cout_estime": null,
      "avancement": 0
    },
    {
      "operation_id": 17,
      "tache_id": null,
      "code_operation": "II.1.3-EXE",
      "nom_operation": "Exécution - Béton armé pour amorces de poteaux dosé à 350kg /m³ y/c toutes sujétions de mise en œuvre",
      "description": "Opération principale d'exécution",
      "duree_estimee": null,
      "cout_estime": null,
      "avancement": 0
    },
    {
      "operation_id": 18,
      "tache_id": null,
      "code_operation": "II.1.4-EXE",
      "nom_operation": "Exécution - Béton armé pour longrines dosé à 350 kg/m³  y/c toutes sujétions de mise en œuvre",
      "description": "Opération principale d'exécution",
      "duree_estimee": null,
      "cout_estime": null,
      "avancement": 0
    },
    {
      "operation_id": 19,
      "tache_id": null,
      "code_operation": "II.1.5-EXE",
      "nom_operation": "Exécution - Béton armé pour massifs d'escaliers dosé à 350 kg/m³ y/c toutes sujétions de mise en œuvre",
      "description": "Opération principale d'exécution",
      "duree_estimee": null,
      "cout_estime": null,
      "avancement": 0
    },
    {
      "operation_id": 20,
      "tache_id": null,
      "code_operation": "II.1.6-EXE",
      "nom_operation": "Exécution - Murs voiles",
      "description": "Opération principale d'exécution",
      "duree_estimee": null,
      "cout_estime": null,
      "avancement": 0
    },
    {
      "operation_id": 21,
      "tache_id": null,
      "code_operation": "II.1.7-EXE",
      "nom_operation": "Exécution - Plancher corps creux (hourdis, nervures et dalle de compression)",
      "description": "Opération principale d'exécution",
      "duree_estimee": null,
      "cout_estime": null,
      "avancement": 0
    },
    {
      "operation_id": 22,
      "tache_id": null,
      "code_operation": "II.1.8-EXE",
      "nom_operation": "Exécution - Transport et manutention",
      "description": "Opération principale d'exécution",
      "duree_estimee": null,
      "cout_estime": null,
      "avancement": 0
    },
    {
      "operation_id": 23,
      "tache_id": null,
      "code_operation": "II.2.1-EXE",
      "nom_operation": "Exécution - Béton armé pour poteaux dosé à 350 kg/m3 y compris toutes sujétions de mise en œuvre",
      "description": "Opération principale d'exécution",
      "duree_estimee": null,
      "cout_estime": null,
      "avancement": 0
    },
    {
      "operation_id": 24,
      "tache_id": null,
      "code_operation": "II.2.2-EXE",
      "nom_operation": "Exécution - Maçonnerie en agglos creux de 15x20x40cm pour élévation des murs",
      "description": "Opération principale d'exécution",
      "duree_estimee": null,
      "cout_estime": null,
      "avancement": 0
    },
    {
      "operation_id": 25,
      "tache_id": null,
      "code_operation": "II.2.3-EXE",
      "nom_operation": "Exécution - Béton armé pour poutres y compris toutes sujétions de mise en œuvre",
      "description": "Opération principale d'exécution",
      "duree_estimee": null,
      "cout_estime": null,
      "avancement": 0
    },
    {
      "operation_id": 26,
      "tache_id": null,
      "code_operation": "II.2.4-EXE",
      "nom_operation": "Exécution - Béton armé pour escalier dosé à 350 kg/m³ y compris toutes sujétions de mise en œuvre",
      "description": "Opération principale d'exécution",
      "duree_estimee": null,
      "cout_estime": null,
      "avancement": 0
    },
    {
      "operation_id": 27,
      "tache_id": null,
      "code_operation": "II.2.5-EXE",
      "nom_operation": "Exécution - Béton armé pour linteaux y compris toutes sujétions de mise en œuvre",
      "description": "Opération principale d'exécution",
      "duree_estimee": null,
      "cout_estime": null,
      "avancement": 0
    },
    {
      "operation_id": 28,
      "tache_id": null,
      "code_operation": "II.2.6-EXE",
      "nom_operation": "Exécution - Enduit au mortier de ciment dosé à 400 kg / m3  sur mur ép. 1,5 cm",
      "description": "Opération principale d'exécution",
      "duree_estimee": null,
      "cout_estime": null,
      "avancement": 0
    },
    {
      "operation_id": 29,
      "tache_id": null,
      "code_operation": "II.2.7-EXE",
      "nom_operation": "Exécution - Enduit au mortier de ciment dosé à 400 kg / m3  sous dalle ép. 1,5 cm",
      "description": "Opération principale d'exécution",
      "duree_estimee": null,
      "cout_estime": null,
      "avancement": 0
    },
    {
      "operation_id": 30,
      "tache_id": null,
      "code_operation": "II.2.8-EXE",
      "nom_operation": "Exécution - Plancher corps creux (hourdis, nervures et dalle de compression)",
      "description": "Opération principale d'exécution",
      "duree_estimee": null,
      "cout_estime": null,
      "avancement": 0
    },
    {
      "operation_id": 31,
      "tache_id": null,
      "code_operation": "II.2.9-EXE",
      "nom_operation": "Exécution - Etanchéité multicouche",
      "description": "Opération principale d'exécution",
      "duree_estimee": null,
      "cout_estime": null,
      "avancement": 0
    },
    {
      "operation_id": 32,
      "tache_id": null,
      "code_operation": "II.2.10-EXE",
      "nom_operation": "Exécution - Murs voiles",
      "description": "Opération principale d'exécution",
      "duree_estimee": null,
      "cout_estime": null,
      "avancement": 0
    },
    {
      "operation_id": 33,
      "tache_id": null,
      "code_operation": "II.2.11-EXE",
      "nom_operation": "Exécution - Transport et manutention",
      "description": "Opération principale d'exécution",
      "duree_estimee": null,
      "cout_estime": null,
      "avancement": 0
    },
    {
      "operation_id": 34,
      "tache_id": null,
      "code_operation": "II.3.1-EXE",
      "nom_operation": "Exécution - Béton armé pour poteaux dosé à 350 kg/m3 y compris toutes sujétions de mise en œuvre",
      "description": "Opération principale d'exécution",
      "duree_estimee": null,
      "cout_estime": null,
      "avancement": 0
    },
    {
      "operation_id": 35,
      "tache_id": null,
      "code_operation": "II.3.2-EXE",
      "nom_operation": "Exécution - Maçonnerie en agglos creux de 15x20x40cm pour élévation des murs",
      "description": "Opération principale d'exécution",
      "duree_estimee": null,
      "cout_estime": null,
      "avancement": 0
    },
    {
      "operation_id": 36,
      "tache_id": null,
      "code_operation": "II.3.3-EXE",
      "nom_operation": "Exécution - Béton armé pour linteaux y compris toutes sujétions de mise en œuvre",
      "description": "Opération principale d'exécution",
      "duree_estimee": null,
      "cout_estime": null,
      "avancement": 0
    },
    {
      "operation_id": 37,
      "tache_id": null,
      "code_operation": "II.3.4-EXE",
      "nom_operation": "Exécution - Béton armé pour escalier dosé à 350 kg/m³ y compris toutes sujétions de mise en œuvre",
      "description": "Opération principale d'exécution",
      "duree_estimee": null,
      "cout_estime": null,
      "avancement": 0
    },
    {
      "operation_id": 38,
      "tache_id": null,
      "code_operation": "II.3.5-EXE",
      "nom_operation": "Exécution - Béton armé pour poutres y compris toutes sujétions de mise en œuvre",
      "description": "Opération principale d'exécution",
      "duree_estimee": null,
      "cout_estime": null,
      "avancement": 0
    },
    {
      "operation_id": 39,
      "tache_id": null,
      "code_operation": "II.3.6-EXE",
      "nom_operation": "Exécution - Enduit au mortier de ciment dosé à 400 kg / m3  sur mur ép. 1,5 cm",
      "description": "Opération principale d'exécution",
      "duree_estimee": null,
      "cout_estime": null,
      "avancement": 0
    },
    {
      "operation_id": 40,
      "tache_id": null,
      "code_operation": "II.3.7-EXE",
      "nom_operation": "Exécution - Enduit au mortier de ciment dosé à 400 kg / m3  sous dalle ép. 1,5 cm",
      "description": "Opération principale d'exécution",
      "duree_estimee": null,
      "cout_estime": null,
      "avancement": 0
    },
    {
      "operation_id": 41,
      "tache_id": null,
      "code_operation": "II.3.8-EXE",
      "nom_operation": "Exécution - Plancher corps creux (hourdis, nervures et dalle de compression)",
      "description": "Opération principale d'exécution",
      "duree_estimee": null,
      "cout_estime": null,
      "avancement": 0
    },
    {
      "operation_id": 42,
      "tache_id": null,
      "code_operation": "II.3.9-EXE",
      "nom_operation": "Exécution - Etanchéité multicouche",
      "description": "Opération principale d'exécution",
      "duree_estimee": null,
      "cout_estime": null,
      "avancement": 0
    },
    {
      "operation_id": 43,
      "tache_id": null,
      "code_operation": "II.3.10-EXE",
      "nom_operation": "Exécution - Murs voiles",
      "description": "Opération principale d'exécution",
      "duree_estimee": null,
      "cout_estime": null,
      "avancement": 0
    },
    {
      "operation_id": 44,
      "tache_id": null,
      "code_operation": "II.3.11-EXE",
      "nom_operation": "Exécution - Transport et manutention",
      "description": "Opération principale d'exécution",
      "duree_estimee": null,
      "cout_estime": null,
      "avancement": 0
    },
    {
      "operation_id": 45,
      "tache_id": null,
      "code_operation": "II.4.1-EXE",
      "nom_operation": "Exécution - Béton armé pour poteaux dosé à 350 kg/m3 y compris toutes sujétions de mise en œuvre",
      "description": "Opération principale d'exécution",
      "duree_estimee": null,
      "cout_estime": null,
      "avancement": 0
    },
    {
      "operation_id": 46,
      "tache_id": null,
      "code_operation": "II.4.2-EXE",
      "nom_operation": "Exécution - Maçonnerie en agglos creux de 15x20x40cm pour élévation des murs",
      "description": "Opération principale d'exécution",
      "duree_estimee": null,
      "cout_estime": null,
      "avancement": 0
    },
    {
      "operation_id": 47,
      "tache_id": null,
      "code_operation": "II.4.3-EXE",
      "nom_operation": "Exécution - Béton armé pour linteaux y compris toutes sujétions de mise en œuvre",
      "description": "Opération principale d'exécution",
      "duree_estimee": null,
      "cout_estime": null,
      "avancement": 0
    },
    {
      "operation_id": 48,
      "tache_id": null,
      "code_operation": "II.4.4-EXE",
      "nom_operation": "Exécution - Béton armé pour escalier dosé à 350 kg/m³ y compris toutes sujétions de mise en œuvre",
      "description": "Opération principale d'exécution",
      "duree_estimee": null,
      "cout_estime": null,
      "avancement": 0
    },
    {
      "operation_id": 49,
      "tache_id": null,
      "code_operation": "II.4.5-EXE",
      "nom_operation": "Exécution - Béton armé pour poutres y compris toutes sujétions de mise en œuvre",
      "description": "Opération principale d'exécution",
      "duree_estimee": null,
      "cout_estime": null,
      "avancement": 0
    },
    {
      "operation_id": 50,
      "tache_id": null,
      "code_operation": "II.4.6-EXE",
      "nom_operation": "Exécution - Enduit au mortier de ciment dosé à 400 kg / m3  sur mur ép. 1,5 cm",
      "description": "Opération principale d'exécution",
      "duree_estimee": null,
      "cout_estime": null,
      "avancement": 0
    },
    {
      "operation_id": 51,
      "tache_id": null,
      "code_operation": "II.4.7-EXE",
      "nom_operation": "Exécution - Enduit au mortier de ciment dosé à 400 kg / m3  sous dalle ép. 1,5 cm",
      "description": "Opération principale d'exécution",
      "duree_estimee": null,
      "cout_estime": null,
      "avancement": 0
    },
    {
      "operation_id": 52,
      "tache_id": null,
      "code_operation": "II.4.8-EXE",
      "nom_operation": "Exécution - Plancher corps creux (hourdis, nervures et dalle de compression)",
      "description": "Opération principale d'exécution",
      "duree_estimee": null,
      "cout_estime": null,
      "avancement": 0
    },
    {
      "operation_id": 53,
      "tache_id": null,
      "code_operation": "II.4.9-EXE",
      "nom_operation": "Exécution - Etanchéité multicouche",
      "description": "Opération principale d'exécution",
      "duree_estimee": null,
      "cout_estime": null,
      "avancement": 0
    },
    {
      "operation_id": 54,
      "tache_id": null,
      "code_operation": "II.4.10-EXE",
      "nom_operation": "Exécution - Murs voiles",
      "description": "Opération principale d'exécution",
      "duree_estimee": null,
      "cout_estime": null,
      "avancement": 0
    },
    {
      "operation_id": 55,
      "tache_id": null,
      "code_operation": "II.4.11-EXE",
      "nom_operation": "Exécution - Transport et manutention",
      "description": "Opération principale d'exécution",
      "duree_estimee": null,
      "cout_estime": null,
      "avancement": 0
    },
    {
      "operation_id": 56,
      "tache_id": null,
      "code_operation": "II.5.1-EXE",
      "nom_operation": "Exécution - Béton armé pour poteaux dosé à 350 kg/m3 y compris toutes sujétions de mise en œuvre",
      "description": "Opération principale d'exécution",
      "duree_estimee": null,
      "cout_estime": null,
      "avancement": 0
    },
    {
      "operation_id": 57,
      "tache_id": null,
      "code_operation": "II.5.2-EXE",
      "nom_operation": "Exécution - Maçonnerie en agglos creux de 15x20x40cm pour élévation des murs",
      "description": "Opération principale d'exécution",
      "duree_estimee": null,
      "cout_estime": null,
      "avancement": 0
    },
    {
      "operation_id": 58,
      "tache_id": null,
      "code_operation": "II.5.3-EXE",
      "nom_operation": "Exécution - Béton armé pour linteaux y compris toutes sujétions de mise en œuvre",
      "description": "Opération principale d'exécution",
      "duree_estimee": null,
      "cout_estime": null,
      "avancement": 0
    },
    {
      "operation_id": 59,
      "tache_id": null,
      "code_operation": "II.5.4-EXE",
      "nom_operation": "Exécution - Béton armé pour escalier dosé à 350 kg/m³ y compris toutes sujétions de mise en œuvre",
      "description": "Opération principale d'exécution",
      "duree_estimee": null,
      "cout_estime": null,
      "avancement": 0
    },
    {
      "operation_id": 60,
      "tache_id": null,
      "code_operation": "II.5.5-EXE",
      "nom_operation": "Exécution - Béton armé pour poutres y compris toutes sujétions de mise en œuvre",
      "description": "Opération principale d'exécution",
      "duree_estimee": null,
      "cout_estime": null,
      "avancement": 0
    },
    {
      "operation_id": 61,
      "tache_id": null,
      "code_operation": "II.5.6-EXE",
      "nom_operation": "Exécution - Enduit au mortier de ciment dosé à 400 kg / m3  sur mur ép. 1,5 cm",
      "description": "Opération principale d'exécution",
      "duree_estimee": null,
      "cout_estime": null,
      "avancement": 0
    },
    {
      "operation_id": 62,
      "tache_id": null,
      "code_operation": "II.5.7-EXE",
      "nom_operation": "Exécution - Enduit au mortier de ciment dosé à 400 kg / m3  sous dalle ép. 1,5 cm",
      "description": "Opération principale d'exécution",
      "duree_estimee": null,
      "cout_estime": null,
      "avancement": 0
    },
    {
      "operation_id": 63,
      "tache_id": null,
      "code_operation": "II.5.8-EXE",
      "nom_operation": "Exécution - Plancher corps creux (hourdis, nervures et dalle de compression)",
      "description": "Opération principale d'exécution",
      "duree_estimee": null,
      "cout_estime": null,
      "avancement": 0
    },
    {
      "operation_id": 64,
      "tache_id": null,
      "code_operation": "II.5.9-EXE",
      "nom_operation": "Exécution - Etanchéité multicouche",
      "description": "Opération principale d'exécution",
      "duree_estimee": null,
      "cout_estime": null,
      "avancement": 0
    },
    {
      "operation_id": 65,
      "tache_id": null,
      "code_operation": "II.5.10-EXE",
      "nom_operation": "Exécution - Murs voiles",
      "description": "Opération principale d'exécution",
      "duree_estimee": null,
      "cout_estime": null,
      "avancement": 0
    },
    {
      "operation_id": 66,
      "tache_id": null,
      "code_operation": "II.5.11-EXE",
      "nom_operation": "Exécution - Transport et manutention",
      "description": "Opération principale d'exécution",
      "duree_estimee": null,
      "cout_estime": null,
      "avancement": 0
    },
    {
      "operation_id": 67,
      "tache_id": null,
      "code_operation": "II.6.1-EXE",
      "nom_operation": "Exécution - Béton armé pour poteaux dosé à 350 kg/m3 y compris toutes sujétions de mise en œuvre",
      "description": "Opération principale d'exécution",
      "duree_estimee": null,
      "cout_estime": null,
      "avancement": 0
    },
    {
      "operation_id": 68,
      "tache_id": null,
      "code_operation": "II.6.2-EXE",
      "nom_operation": "Exécution - Maçonnerie en agglos creux de 15x20x40cm pour élévation des murs",
      "description": "Opération principale d'exécution",
      "duree_estimee": null,
      "cout_estime": null,
      "avancement": 0
    },
    {
      "operation_id": 69,
      "tache_id": null,
      "code_operation": "II.6.3-EXE",
      "nom_operation": "Exécution - Béton armé pour linteaux y compris toutes sujétions de mise en œuvre",
      "description": "Opération principale d'exécution",
      "duree_estimee": null,
      "cout_estime": null,
      "avancement": 0
    },
    {
      "operation_id": 70,
      "tache_id": null,
      "code_operation": "II.6.4-EXE",
      "nom_operation": "Exécution - Béton armé pour escalier dosé à 350 kg/m³ y compris toutes sujétions de mise en œuvre",
      "description": "Opération principale d'exécution",
      "duree_estimee": null,
      "cout_estime": null,
      "avancement": 0
    },
    {
      "operation_id": 71,
      "tache_id": null,
      "code_operation": "II.6.5-EXE",
      "nom_operation": "Exécution - Béton armé pour poutres y compris toutes sujétions de mise en œuvre",
      "description": "Opération principale d'exécution",
      "duree_estimee": null,
      "cout_estime": null,
      "avancement": 0
    },
    {
      "operation_id": 72,
      "tache_id": null,
      "code_operation": "II.6.6-EXE",
      "nom_operation": "Exécution - Enduit au mortier de ciment dosé à 400 kg / m3  sur mur ép. 1,5 cm",
      "description": "Opération principale d'exécution",
      "duree_estimee": null,
      "cout_estime": null,
      "avancement": 0
    },
    {
      "operation_id": 73,
      "tache_id": null,
      "code_operation": "II.6.7-EXE",
      "nom_operation": "Exécution - Enduit au mortier de ciment dosé à 400 kg / m3  sous dalle ép. 1,5 cm",
      "description": "Opération principale d'exécution",
      "duree_estimee": null,
      "cout_estime": null,
      "avancement": 0
    },
    {
      "operation_id": 74,
      "tache_id": null,
      "code_operation": "II.6.8-EXE",
      "nom_operation": "Exécution - Plancher corps creux (hourdis, nervures et dalle de compression)",
      "description": "Opération principale d'exécution",
      "duree_estimee": null,
      "cout_estime": null,
      "avancement": 0
    },
    {
      "operation_id": 75,
      "tache_id": null,
      "code_operation": "II.6.9-EXE",
      "nom_operation": "Exécution - Etanchéité multicouche",
      "description": "Opération principale d'exécution",
      "duree_estimee": null,
      "cout_estime": null,
      "avancement": 0
    },
    {
      "operation_id": 76,
      "tache_id": null,
      "code_operation": "II.6.10-EXE",
      "nom_operation": "Exécution - Murs voiles",
      "description": "Opération principale d'exécution",
      "duree_estimee": null,
      "cout_estime": null,
      "avancement": 0
    },
    {
      "operation_id": 77,
      "tache_id": null,
      "code_operation": "II.6.11-EXE",
      "nom_operation": "Exécution - Transport et manutention",
      "description": "Opération principale d'exécution",
      "duree_estimee": null,
      "cout_estime": null,
      "avancement": 0
    },
    {
      "operation_id": 78,
      "tache_id": null,
      "code_operation": "II.7.1-EXE",
      "nom_operation": "Exécution - Béton armé pour poteaux dosé à 350 kg/m3 y compris toutes sujétions de mise en œuvre",
      "description": "Opération principale d'exécution",
      "duree_estimee": null,
      "cout_estime": null,
      "avancement": 0
    },
    {
      "operation_id": 79,
      "tache_id": null,
      "code_operation": "II.7.2-EXE",
      "nom_operation": "Exécution - Maçonnerie en agglos creux de 15x20x40cm pour élévation des murs",
      "description": "Opération principale d'exécution",
      "duree_estimee": null,
      "cout_estime": null,
      "avancement": 0
    },
    {
      "operation_id": 80,
      "tache_id": null,
      "code_operation": "II.7.3-EXE",
      "nom_operation": "Exécution - Béton armé pour linteaux y compris toutes sujétions de mise en œuvre",
      "description": "Opération principale d'exécution",
      "duree_estimee": null,
      "cout_estime": null,
      "avancement": 0
    },
    {
      "operation_id": 81,
      "tache_id": null,
      "code_operation": "II.7.4-EXE",
      "nom_operation": "Exécution - Béton armé pour escalier dosé à 350 kg/m³ y compris toutes sujétions de mise en œuvre",
      "description": "Opération principale d'exécution",
      "duree_estimee": null,
      "cout_estime": null,
      "avancement": 0
    },
    {
      "operation_id": 82,
      "tache_id": null,
      "code_operation": "II.7.5-EXE",
      "nom_operation": "Exécution - Béton armé pour poutres y compris toutes sujétions de mise en œuvre",
      "description": "Opération principale d'exécution",
      "duree_estimee": null,
      "cout_estime": null,
      "avancement": 0
    },
    {
      "operation_id": 83,
      "tache_id": null,
      "code_operation": "II.7.6-EXE",
      "nom_operation": "Exécution - Enduit au mortier de ciment dosé à 400 kg / m3  sur mur ép. 1,5 cm",
      "description": "Opération principale d'exécution",
      "duree_estimee": null,
      "cout_estime": null,
      "avancement": 0
    },
    {
      "operation_id": 84,
      "tache_id": null,
      "code_operation": "II.7.7-EXE",
      "nom_operation": "Exécution - Enduit au mortier de ciment dosé à 400 kg / m3  sous dalle ép. 1,5 cm",
      "description": "Opération principale d'exécution",
      "duree_estimee": null,
      "cout_estime": null,
      "avancement": 0
    },
    {
      "operation_id": 85,
      "tache_id": null,
      "code_operation": "II.7.8-EXE",
      "nom_operation": "Exécution - Plancher corps creux (hourdis, nervures et dalle de compression)",
      "description": "Opération principale d'exécution",
      "duree_estimee": null,
      "cout_estime": null,
      "avancement": 0
    },
    {
      "operation_id": 86,
      "tache_id": null,
      "code_operation": "II.7.9-EXE",
      "nom_operation": "Exécution - Etanchéité multicouche",
      "description": "Opération principale d'exécution",
      "duree_estimee": null,
      "cout_estime": null,
      "avancement": 0
    },
    {
      "operation_id": 87,
      "tache_id": null,
      "code_operation": "II.7.10-EXE",
      "nom_operation": "Exécution - Murs voiles",
      "description": "Opération principale d'exécution",
      "duree_estimee": null,
      "cout_estime": null,
      "avancement": 0
    },
    {
      "operation_id": 88,
      "tache_id": null,
      "code_operation": "II.7.11-EXE",
      "nom_operation": "Exécution - Transport et manutention",
      "description": "Opération principale d'exécution",
      "duree_estimee": null,
      "cout_estime": null,
      "avancement": 0
    },
    {
      "operation_id": 89,
      "tache_id": null,
      "code_operation": "II.8.1-EXE",
      "nom_operation": "Exécution - Béton armé pour poteaux dosé à 350 kg/m3 y compris toutes sujétions de mise en œuvre",
      "description": "Opération principale d'exécution",
      "duree_estimee": null,
      "cout_estime": null,
      "avancement": 0
    },
    {
      "operation_id": 90,
      "tache_id": null,
      "code_operation": "II.8.2-EXE",
      "nom_operation": "Exécution - Maçonnerie en agglos creux de 15x20x40cm pour élévation des murs",
      "description": "Opération principale d'exécution",
      "duree_estimee": null,
      "cout_estime": null,
      "avancement": 0
    },
    {
      "operation_id": 91,
      "tache_id": null,
      "code_operation": "II.8.3-EXE",
      "nom_operation": "Exécution - Béton armé pour linteaux y compris toutes sujétions de mise en œuvre",
      "description": "Opération principale d'exécution",
      "duree_estimee": null,
      "cout_estime": null,
      "avancement": 0
    },
    {
      "operation_id": 92,
      "tache_id": null,
      "code_operation": "II.8.4-EXE",
      "nom_operation": "Exécution - Béton armé pour escalier dosé à 350 kg/m³ y compris toutes sujétions de mise en œuvre",
      "description": "Opération principale d'exécution",
      "duree_estimee": null,
      "cout_estime": null,
      "avancement": 0
    },
    {
      "operation_id": 93,
      "tache_id": null,
      "code_operation": "II.8.5-EXE",
      "nom_operation": "Exécution - Béton armé pour poutres y compris toutes sujétions de mise en œuvre",
      "description": "Opération principale d'exécution",
      "duree_estimee": null,
      "cout_estime": null,
      "avancement": 0
    },
    {
      "operation_id": 94,
      "tache_id": null,
      "code_operation": "II.8.6-EXE",
      "nom_operation": "Exécution - Enduit au mortier de ciment dosé à 400 kg / m3  sur mur ép. 1,5 cm",
      "description": "Opération principale d'exécution",
      "duree_estimee": null,
      "cout_estime": null,
      "avancement": 0
    },
    {
      "operation_id": 95,
      "tache_id": null,
      "code_operation": "II.8.7-EXE",
      "nom_operation": "Exécution - Enduit au mortier de ciment dosé à 400 kg / m3  sous dalle ép. 1,5 cm",
      "description": "Opération principale d'exécution",
      "duree_estimee": null,
      "cout_estime": null,
      "avancement": 0
    },
    {
      "operation_id": 96,
      "tache_id": null,
      "code_operation": "II.8.8-EXE",
      "nom_operation": "Exécution - Dalle pleine pour toiture terrasse",
      "description": "Opération principale d'exécution",
      "duree_estimee": null,
      "cout_estime": null,
      "avancement": 0
    },
    {
      "operation_id": 97,
      "tache_id": null,
      "code_operation": "II.8.9-EXE",
      "nom_operation": "Exécution - Etanchéité multicouche",
      "description": "Opération principale d'exécution",
      "duree_estimee": null,
      "cout_estime": null,
      "avancement": 0
    },
    {
      "operation_id": 98,
      "tache_id": null,
      "code_operation": "II.8.10-EXE",
      "nom_operation": "Exécution - Murs voiles",
      "description": "Opération principale d'exécution",
      "duree_estimee": null,
      "cout_estime": null,
      "avancement": 0
    },
    {
      "operation_id": 99,
      "tache_id": null,
      "code_operation": "II.8.11-EXE",
      "nom_operation": "Exécution - Transport et manutention",
      "description": "Opération principale d'exécution",
      "duree_estimee": null,
      "cout_estime": null,
      "avancement": 0
    },
    {
      "operation_id": 100,
      "tache_id": null,
      "code_operation": "II.9.1-EXE",
      "nom_operation": "Exécution - Béton armé pour poteaux  dosé à 350 kg/m3 y compris toutes sujétions de mise en œuvre",
      "description": "Opération principale d'exécution",
      "duree_estimee": null,
      "cout_estime": null,
      "avancement": 0
    },
    {
      "operation_id": 101,
      "tache_id": null,
      "code_operation": "II.9.2-EXE",
      "nom_operation": "Exécution - Maçonnerie en agglos creux de 15x20x40cm pour élévation des murs",
      "description": "Opération principale d'exécution",
      "duree_estimee": null,
      "cout_estime": null,
      "avancement": 0
    },
    {
      "operation_id": 102,
      "tache_id": null,
      "code_operation": "II.9.3-EXE",
      "nom_operation": "Exécution - Béton armé pour poutres y compris toutes sujétions de mise en œuvre",
      "description": "Opération principale d'exécution",
      "duree_estimee": null,
      "cout_estime": null,
      "avancement": 0
    },
    {
      "operation_id": 103,
      "tache_id": null,
      "code_operation": "II.9.4-EXE",
      "nom_operation": "Exécution - Béton armé pour toiture terrasse en dalle pleine",
      "description": "Opération principale d'exécution",
      "duree_estimee": null,
      "cout_estime": null,
      "avancement": 0
    },
    {
      "operation_id": 104,
      "tache_id": null,
      "code_operation": "II.9.5-EXE",
      "nom_operation": "Exécution - Enduit au mortier de ciment dosé à 400 kg / m  sur mur ép. 1,5 cm",
      "description": "Opération principale d'exécution",
      "duree_estimee": null,
      "cout_estime": null,
      "avancement": 0
    },
    {
      "operation_id": 105,
      "tache_id": null,
      "code_operation": "II.9.6-EXE",
      "nom_operation": "Exécution - Enduit au mortier de ciment dosé à 400 kg / m3  sous dalle ép. 1,5 cm",
      "description": "Opération principale d'exécution",
      "duree_estimee": null,
      "cout_estime": null,
      "avancement": 0
    },
    {
      "operation_id": 106,
      "tache_id": null,
      "code_operation": "II.9.9-EXE",
      "nom_operation": "Exécution - Couverture",
      "description": "Opération principale d'exécution",
      "duree_estimee": null,
      "cout_estime": null,
      "avancement": 0
    },
    {
      "operation_id": 107,
      "tache_id": null,
      "code_operation": "II.9.10-EXE",
      "nom_operation": "Exécution - Charpente",
      "description": "Opération principale d'exécution",
      "duree_estimee": null,
      "cout_estime": null,
      "avancement": 0
    },
    {
      "operation_id": 108,
      "tache_id": null,
      "code_operation": "II.9.11-EXE",
      "nom_operation": "Exécution - Transport et manutention",
      "description": "Opération principale d'exécution",
      "duree_estimee": null,
      "cout_estime": null,
      "avancement": 0
    },
    {
      "operation_id": 109,
      "tache_id": null,
      "code_operation": "II.10.1-EXE",
      "nom_operation": "Exécution - Prise de terre",
      "description": "Opération principale d'exécution",
      "duree_estimee": null,
      "cout_estime": null,
      "avancement": 0
    },
    {
      "operation_id": 110,
      "tache_id": null,
      "code_operation": "II.10.2-EXE",
      "nom_operation": "Exécution - Fourreautage électrique",
      "description": "Opération principale d'exécution",
      "duree_estimee": null,
      "cout_estime": null,
      "avancement": 0
    },
    {
      "operation_id": 111,
      "tache_id": null,
      "code_operation": "II.10.3-EXE",
      "nom_operation": "Exécution - Transport et manutention",
      "description": "Opération principale d'exécution",
      "duree_estimee": null,
      "cout_estime": null,
      "avancement": 0
    },
    {
      "operation_id": 112,
      "tache_id": null,
      "code_operation": "II.11.1-EXE",
      "nom_operation": "Exécution - Construction d'une fosse septique, puisards et regards y/compris toutes suggestion\nde mise en œuvre.",
      "description": "Opération principale d'exécution",
      "duree_estimee": null,
      "cout_estime": null,
      "avancement": 0
    },
    {
      "operation_id": 113,
      "tache_id": null,
      "code_operation": "II.11.2-EXE",
      "nom_operation": "Exécution - Alimentation  et évacuation",
      "description": "Opération principale d'exécution",
      "duree_estimee": null,
      "cout_estime": null,
      "avancement": 0
    },
    {
      "operation_id": 114,
      "tache_id": null,
      "code_operation": "II.11.3-EXE",
      "nom_operation": "Exécution - Transport et manutention",
      "description": "Opération principale d'exécution",
      "duree_estimee": null,
      "cout_estime": null,
      "avancement": 0
    },
    {
      "operation_id": 115,
      "tache_id": null,
      "code_operation": "III.1.1-EXE",
      "nom_operation": "Exécution - Tout l'immeuble",
      "description": "Opération principale d'exécution",
      "duree_estimee": null,
      "cout_estime": null,
      "avancement": 0
    },
    {
      "operation_id": 116,
      "tache_id": null,
      "code_operation": "III.1.3-EXE",
      "nom_operation": "Exécution - Etage",
      "description": "Opération principale d'exécution",
      "duree_estimee": null,
      "cout_estime": null,
      "avancement": 0
    },
    {
      "operation_id": 117,
      "tache_id": null,
      "code_operation": "III.2.1-EXE",
      "nom_operation": "Exécution - Tout l'immeuble",
      "description": "Opération principale d'exécution",
      "duree_estimee": null,
      "cout_estime": null,
      "avancement": 0
    },
    {
      "operation_id": 118,
      "tache_id": null,
      "code_operation": "III.2.3-EXE",
      "nom_operation": "Exécution - Etage",
      "description": "Opération principale d'exécution",
      "duree_estimee": null,
      "cout_estime": null,
      "avancement": 0
    },
    {
      "operation_id": 119,
      "tache_id": null,
      "code_operation": "III.3.1-EXE",
      "nom_operation": "Exécution - Tout l'immeuble",
      "description": "Opération principale d'exécution",
      "duree_estimee": null,
      "cout_estime": null,
      "avancement": 0
    },
    {
      "operation_id": 120,
      "tache_id": null,
      "code_operation": "III.3.3-EXE",
      "nom_operation": "Exécution - Etage",
      "description": "Opération principale d'exécution",
      "duree_estimee": null,
      "cout_estime": null,
      "avancement": 0
    },
    {
      "operation_id": 121,
      "tache_id": null,
      "code_operation": "III.3.4-EXE",
      "nom_operation": "Exécution - Acrotère",
      "description": "Opération principale d'exécution",
      "duree_estimee": null,
      "cout_estime": null,
      "avancement": 0
    },
    {
      "operation_id": 122,
      "tache_id": null,
      "code_operation": "III.4.1-EXE",
      "nom_operation": "Exécution - Tout l'immeuble",
      "description": "Opération principale d'exécution",
      "duree_estimee": null,
      "cout_estime": null,
      "avancement": 0
    },
    {
      "operation_id": 123,
      "tache_id": null,
      "code_operation": "III.4.3-EXE",
      "nom_operation": "Exécution - Etage",
      "description": "Opération principale d'exécution",
      "duree_estimee": null,
      "cout_estime": null,
      "avancement": 0
    },
    {
      "operation_id": 124,
      "tache_id": null,
      "code_operation": "III.5.1-EXE",
      "nom_operation": "Exécution - Tout l'immeuble",
      "description": "Opération principale d'exécution",
      "duree_estimee": null,
      "cout_estime": null,
      "avancement": 0
    },
    {
      "operation_id": 125,
      "tache_id": null,
      "code_operation": "III.5.3-EXE",
      "nom_operation": "Exécution - Etage 2",
      "description": "Opération principale d'exécution",
      "duree_estimee": null,
      "cout_estime": null,
      "avancement": 0
    },
    {
      "operation_id": 126,
      "tache_id": null,
      "code_operation": "III.6.1-EXE",
      "nom_operation": "Exécution - Tout l'immeuble",
      "description": "Opération principale d'exécution",
      "duree_estimee": null,
      "cout_estime": null,
      "avancement": 0
    },
    {
      "operation_id": 127,
      "tache_id": null,
      "code_operation": "III.6.3-EXE",
      "nom_operation": "Exécution - Etage",
      "description": "Opération principale d'exécution",
      "duree_estimee": null,
      "cout_estime": null,
      "avancement": 0
    },
    {
      "operation_id": 128,
      "tache_id": null,
      "code_operation": "III.7.1-EXE",
      "nom_operation": "Exécution - Descente d'eau pluviale",
      "description": "Opération principale d'exécution",
      "duree_estimee": null,
      "cout_estime": null,
      "avancement": 0
    },
    {
      "operation_id": 129,
      "tache_id": null,
      "code_operation": "III.7.2-EXE",
      "nom_operation": "Exécution - Appareillage et équipement  sanitaire",
      "description": "Opération principale d'exécution",
      "duree_estimee": null,
      "cout_estime": null,
      "avancement": 0
    },
    {
      "operation_id": 130,
      "tache_id": null,
      "code_operation": "III.8.1-EXE",
      "nom_operation": "Exécution - Passage des câbles, scellage des boitier, des coffrets et des boites de dérivations",
      "description": "Opération principale d'exécution",
      "duree_estimee": null,
      "cout_estime": null,
      "avancement": 0
    },
    {
      "operation_id": 131,
      "tache_id": null,
      "code_operation": "III.8.2-EXE",
      "nom_operation": "Exécution - Connexion et protection",
      "description": "Opération principale d'exécution",
      "duree_estimee": null,
      "cout_estime": null,
      "avancement": 0
    },
    {
      "operation_id": 132,
      "tache_id": null,
      "code_operation": "III.8.3-EXE",
      "nom_operation": "Exécution - Appareillage",
      "description": "Opération principale d'exécution",
      "duree_estimee": null,
      "cout_estime": null,
      "avancement": 0
    },
    {
      "operation_id": 133,
      "tache_id": null,
      "code_operation": "III.8.4-EXE",
      "nom_operation": "Exécution - Transport et manutention",
      "description": "Opération principale d'exécution",
      "duree_estimee": null,
      "cout_estime": null,
      "avancement": 0
    }
  ]
}